Date,Daily_Confirmed,False_Positives_Found,Cumulative_Confirmed,Daily_Discharged,Passed_but_not_due_to_COVID,Cumulative_Discharged,Discharged_to_Isolation,Still_Hospitalised,Daily_Deaths,Cumulative_Deaths,Tested_positive_demise,Daily_Imported,Daily_Local_transmission,Local_cases_residing_in_dorms_MOH_report,Local_cases_not_residing_in_doms_MOH_report,Intensive_Care_Unit_(ICU),General_Wards_MOH_report,In_Isolation_MOH_report,Total_Completed_Isolation_MOH_report,Total_Hospital_Discharged_MOH_report,Requires_Oxygen_Supplementation_or_Unstable,Linked_community_cases,Unlinked_community_cases,Phase,Cumulative_Vaccine_Doses,Cumulative_Individuals_Vaccinated
2020-01-23,1,,1,0,0,0,0,1,0,0,0,1,0,,,0,,,,,,,,,,
2020-01-24,2,,3,0,0,0,0,3,0,0,0,2,0,,,0,,,,,,,,,,
2020-01-25,1,,4,0,0,0,0,4,0,0,0,1,0,,,0,,,,,,,,,,
2020-01-26,0,,4,0,0,0,0,4,0,0,0,0,0,,,0,,,,,,,,,,
2020-01-27,1,,5,0,0,0,0,5,0,0,0,1,0,,,0,,,,,,,,,,
2020-01-28,2,,7,0,0,0,0,7,0,0,0,2,0,,,0,,,,,,,,,,
2020-01-29,3,,10,0,0,0,0,10,0,0,0,3,0,,,0,,,,,,,,,,
2020-01-30,3,,13,0,0,0,0,13,0,0,0,3,0,,,0,,,,,,,,,,
2020-01-31,3,,16,0,0,0,0,16,0,0,0,3,0,,,0,,,,,,,,,,
2020-02-01,2,,18,0,0,0,0,18,0,0,0,2,0,,,0,,,,,,,,,,
2020-02-02,0,,18,0,0,0,0,18,0,0,0,0,0,,,0,,,,,,,,,,
2020-02-03,0,,18,0,0,0,0,18,0,0,0,0,0,,,0,,,,,,,,,,
2020-02-04,6,,24,1,0,1,0,23,0,0,0,2,4,,,0,,,,,,,,,,
2020-02-05,4,,28,0,0,1,0,27,0,0,0,1,3,,,0,,,,,,,,,,
2020-02-06,2,,30,0,0,1,0,29,0,0,0,0,2,,,1,,,,,,,,,,
2020-02-07,3,,33,1,0,2,0,31,0,0,0,0,3,,,2,,,,,,,,,,
2020-02-08,7,,40,0,0,2,0,38,0,0,0,0,7,,,4,,,,,,,,,,
2020-02-09,3,,43,4,0,6,0,37,0,0,0,0,3,,,6,,,,,,,,,,
2020-02-10,2,,45,1,0,7,0,38,0,0,0,1,1,,,7,,,,,,,,,,
2020-02-11,2,,47,2,0,9,0,38,0,0,0,0,2,,,7,,,,,,,,,,
2020-02-12,3,,50,6,0,15,0,35,0,0,0,0,3,,,8,,,,,,,,,,
2020-02-13,8,,58,0,0,15,0,43,0,0,0,0,8,,,7,,,,,,,,,,
2020-02-14,9,,67,2,0,17,0,50,0,0,0,0,9,,,6,,,,,,,,,,
2020-02-15,5,,72,1,0,18,0,54,0,0,0,0,5,,,6,,,,,,,,,,
2020-02-16,3,,75,1,0,19,0,56,0,0,0,0,3,,,5,,,,,,,,,,
2020-02-17,2,,77,5,0,24,0,53,0,0,0,1,1,,,4,,,,,,,,,,
2020-02-18,4,,81,5,0,29,0,52,0,0,0,0,4,,,4,,,,,,,,,,
2020-02-19,3,,84,5,0,34,0,50,0,0,0,0,3,,,4,,,,,,,,,,
2020-02-20,1,,85,3,0,37,0,48,0,0,0,0,1,,,4,,,,,,,,,,
2020-02-21,1,,86,10,0,47,0,39,0,0,0,0,1,,,5,,,,,,,,,,
2020-02-22,3,,89,2,0,49,0,40,0,0,0,1,2,,,5,,,,,,,,,,
2020-02-23,0,,89,2,0,51,0,38,0,0,0,0,0,,,5,,,,,,,,,,
2020-02-24,1,,90,2,0,53,0,37,0,0,0,0,1,,,7,,,,,,,,,,
2020-02-25,1,,91,5,0,58,0,33,0,0,0,0,1,,,7,,,,,,,,,,
2020-02-26,2,,93,4,0,62,0,31,0,0,0,0,2,,,7,,,,,,,,,,
2020-02-27,3,,96,4,0,66,0,30,0,0,0,0,3,,,8,,,,,,,,,,
2020-02-28,2,,98,3,0,69,0,29,0,0,0,0,2,,,7,,,,,,,,,,
2020-02-29,4,,102,3,0,72,0,30,0,0,0,0,4,,,7,,,,,,,,,,
2020-03-01,4,,106,2,0,74,0,32,0,0,0,0,4,,,7,,,,,,,,,,
2020-03-02,2,,108,4,0,78,0,30,0,0,0,0,2,,,6,,,,,,,,,,
2020-03-03,2,,110,0,0,78,0,32,0,0,0,0,2,,,7,,,,,,,,,,
2020-03-04,2,,112,1,0,79,0,33,0,0,0,0,2,,,7,,,,,,,,,,
2020-03-05,5,,117,2,0,81,0,36,0,0,0,1,4,,,7,,,,,,,,,,
2020-03-06,13,,130,1,0,82,0,48,0,0,0,2,11,,,9,,,,,,,,,,
2020-03-07,8,,138,8,0,90,0,48,0,0,0,2,6,,,8,,,,,,,,,,
2020-03-08,12,,150,0,0,90,0,60,0,0,0,1,11,,,9,,,,,,,,,,
2020-03-09,10,,160,3,0,93,0,67,0,0,0,3,7,,,10,,,,,,,,,,
2020-03-10,6,,166,0,0,93,0,73,0,0,0,0,6,,,12,,,,,,,,,,
2020-03-11,12,,178,3,0,96,0,82,0,0,0,8,4,,,9,,,,,,,,,,
2020-03-12,9,,187,0,0,96,0,91,0,0,0,5,4,,,9,,,,,,,,,,
2020-03-13,13,,200,1,0,97,0,103,0,0,0,9,4,,,11,,,,,,,,,,
2020-03-14,12,,212,8,0,105,0,107,0,0,0,9,3,,,14,,,,,,,,,,
2020-03-15,14,,226,0,0,105,0,121,0,0,0,9,5,,,13,,,,,,,,,,
2020-03-16,17,,243,4,0,109,0,134,0,0,0,11,6,,,13,,,,,,,,,,
2020-03-17,23,,266,5,0,114,0,152,0,0,0,17,6,,,14,,,,,,,,,,
2020-03-18,47,,313,3,0,117,0,196,0,0,0,33,14,,,15,,,,,,,,,,
2020-03-19,32,,345,7,0,124,0,221,0,0,0,24,8,,,15,,,,,,,,,,
2020-03-20,40,,385,7,0,131,0,254,0,0,0,30,10,,,16,238,0,0,131,,,,,,
2020-03-21,47,,432,9,0,140,0,290,2,2,0,39,8,,,14,276,0,0,140,,,,,,
2020-03-22,23,,455,4,0,144,0,309,0,2,0,18,5,,,14,295,0,0,144,,,,,,
2020-03-23,54,,509,8,0,152,0,355,0,2,0,48,6,,,15,340,0,0,152,,,,,,
2020-03-24,49,,558,3,0,155,0,401,0,2,0,32,17,,,17,384,0,0,155,,,,,,
2020-03-25,73,,631,5,0,160,65,404,0,2,0,38,35,,,17,388,64,0,160,,,,,,
2020-03-26,52,,683,12,0,172,87,422,0,2,0,28,24,,,18,404,87,0,172,,,,,,
2020-03-27,49,,732,11,0,183,115,432,0,2,0,22,27,,,17,415,115,4,179,,,,,,
2020-03-28,70,,802,15,0,198,182,420,0,2,0,41,29,,,19,401,182,14,184,,,,,,
2020-03-29,42,,844,14,0,212,206,423,1,3,0,24,18,2,17,19,404,206,18,194,,,,,,
2020-03-30,35,,879,16,0,228,228,420,0,3,0,9,26,3,22,19,401,228,28,200,,,,,,
2020-03-31,47,,926,12,0,240,260,423,0,3,0,16,31,6,25,22,401,260,32,208,,,,,,
2020-04-01,74,,1000,5,0,245,291,461,0,3,0,20,54,11,43,24,437,291,34,211,,,,,,
2020-04-02,49,,1049,21,0,266,315,464,1,4,0,8,41,7,34,23,441,315,42,224,,,,,,
2020-04-03,65,,1114,16,0,282,354,473,1,5,0,9,56,22,34,25,448,354,47,235,,,,,,
2020-04-04,75,,1189,15,0,297,386,500,1,6,0,6,69,23,45,26,474,386,55,242,,,,,,
2020-04-05,120,,1309,23,0,320,414,569,0,6,0,4,116,57,59,25,544,414,68,252,,,,,,
2020-04-06,66,,1375,24,0,344,454,571,0,6,0,1,65,38,27,25,546,454,81,263,,,,,,
2020-04-07,106,,1481,33,0,377,471,627,0,6,0,3,103,46,57,29,598,471,101,276,,,,Circuit Breaker,,
2020-04-08,142,,1623,29,0,406,542,669,0,6,0,2,140,65,75,29,640,542,115,291,,,,Circuit Breaker,,
2020-04-09,287,,1910,54,1,460,559,885,0,6,0,3,284,214,70,29,856,559,146,314,,,,Circuit Breaker,,
2020-04-10,198,,2108,32,0,492,734,875,1,7,0,0,198,141,57,32,845,734,172,318,,,,Circuit Breaker,,
2020-04-11,191,,2299,35,0,527,820,944,1,8,0,0,191,152,39,31,914,820,199,327,,,,Circuit Breaker,,
2020-04-12,233,,2532,32,0,559,988,977,0,8,0,0,233,188,45,31,947,988,217,341,,,,Circuit Breaker,,
2020-04-13,386,,2918,26,0,585,1165,1159,1,9,0,0,386,334,52,29,1131,1165,239,345,,,,Circuit Breaker,,
2020-04-14,334,,3252,25,0,610,1316,1316,1,10,0,0,334,275,59,28,1289,1316,259,350,,,,Circuit Breaker,,
2020-04-15,447,,3699,41,0,651,1540,1497,0,10,1,0,447,406,41,26,1473,1541,284,365,,,,Circuit Breaker,,
2020-04-16,728,,4427,31,0,682,1848,1886,0,10,0,0,728,676,52,23,1866,1848,309,371,,,,Circuit Breaker,,
2020-04-17,623,,5050,25,0,707,2218,2113,1,11,0,1,622,559,63,22,2095,2218,312,392,,,,Circuit Breaker,,
2020-04-18,942,,5992,38,0,745,2678,2557,0,11,0,0,942,893,49,23,2538,2683,331,406,,,,Circuit Breaker,,
2020-04-19,596,,6588,26,0,771,2888,2917,0,11,0,0,596,544,52,22,2899,2893,339,424,,,,Circuit Breaker,,
2020-04-20,1426,,8014,33,0,804,3782,3416,0,11,0,0,1426,1371,55,23,1364,5829,351,436,,,,Circuit Breaker,,
2020-04-21,1111,,9125,39,0,843,4682,3588,0,11,0,0,1111,1050,61,27,1381,6881,371,454,,,,Circuit Breaker,,
2020-04-22,1016,,10141,57,0,900,4999,4229,1,12,0,0,1016,967,49,25,1571,7651,413,469,,,,Circuit Breaker,,
2020-04-23,1037,,11178,36,1,936,8874,1355,0,12,0,0,1037,982,55,26,1342,8880,434,484,,,,Circuit Breaker,,
2020-04-24,897,,12075,38,0,974,9878,1210,0,12,0,0,897,852,45,24,1205,9878,449,507,,,,Circuit Breaker,,
2020-04-25,618,,12693,46,0,1020,10465,1195,0,12,0,0,618,597,21,24,1190,10465,474,528,,,,Circuit Breaker,,
2020-04-26,931,,13624,58,0,1078,11241,1292,0,12,0,2,929,886,43,22,1289,11241,514,546,,,,Circuit Breaker,,
2020-04-27,799,,14423,35,0,1113,11863,1432,2,14,0,0,799,764,35,20,1431,11863,532,563,,,,Circuit Breaker,,
2020-04-28,528,,14951,33,0,1146,12120,1670,0,14,0,0,528,511,17,21,1668,12120,551,577,,,,Circuit Breaker,,
2020-04-29,690,,15641,62,0,1208,12725,1693,0,14,0,0,690,660,30,22,1692,12725,594,594,,,,Circuit Breaker,,
2020-04-30,528,,16169,56,0,1264,13202,1687,1,15,0,0,528,488,40,21,1687,13202,624,620,,,,Circuit Breaker,,
2020-05-01,932,,17101,24,0,1288,14053,1743,1,16,0,0,932,905,27,23,1741,14053,630,638,,,,Circuit Breaker,,
2020-05-02,447,,17548,79,0,1367,14474,1688,1,17,1,0,447,431,16,24,1686,14474,685,662,,,,Circuit Breaker,,
2020-05-03,657,,18205,61,0,1428,15149,1608,1,18,0,0,657,626,31,22,1608,15149,722,686,,,,Circuit Breaker,,
2020-05-04,573,,18778,49,0,1477,15812,1469,0,18,0,0,573,560,13,25,1466,15812,744,713,,,,Circuit Breaker,,
2020-05-05,632,,19410,62,1,1539,16289,1562,0,18,0,0,632,605,27,24,1560,16289,786,733,,,,Circuit Breaker,,
2020-05-06,788,,20198,115,0,1654,17082,1440,2,20,0,0,788,760,28,23,1439,17082,860,774,,,,Circuit Breaker,,
2020-05-07,741,,20939,78,0,1732,17831,1354,0,20,0,0,741,725,16,19,1357,17831,896,816,,,,Circuit Breaker,,
2020-05-08,768,,21707,328,0,2060,18402,1223,0,20,0,0,768,750,18,22,1223,18402,1205,835,,,,Circuit Breaker,,
2020-05-09,753,,22460,256,0,2316,19020,1102,0,20,0,0,753,739,14,23,1101,19020,1442,854,,,,Circuit Breaker,,
2020-05-10,876,,23336,425,0,2741,19498,1075,0,20,0,1,875,860,15,22,1075,19498,1836,885,,,,Circuit Breaker,,
2020-05-11,486,35,23787,504,0,3245,19448,1070,1,21,1,0,486,481,5,24,1069,19448,2322,903,,,,Circuit Breaker,,
2020-05-12,884,0,24671,626,0,3871,19667,1107,0,21,2,0,884,877,7,20,1112,19667,2927,924,,,,Circuit Breaker,,
2020-05-13,675,0,25346,958,0,4829,19479,1012,0,21,0,0,675,671,4,19,1018,19479,3858,951,,,,Circuit Breaker,,
2020-05-14,752,0,26098,1164,0,5993,19032,1047,0,21,0,0,752,750,2,20,1052,19032,4978,995,,,,Circuit Breaker,,
2020-05-15,793,0,26891,1275,0,7268,18498,1099,0,21,0,0,793,791,2,18,1106,18498,6229,1019,,,,Circuit Breaker,,
2020-05-16,465,0,27356,1094,0,8362,17881,1086,1,22,0,0,465,457,8,16,1095,17881,7309,1033,,,,Circuit Breaker,,
2020-05-17,682,0,28038,998,0,9360,17466,1185,0,22,0,0,682,673,9,16,1194,17466,8286,1054,,,,Circuit Breaker,,
2020-05-18,305,0,28343,495,0,9855,17450,1011,0,22,0,0,305,303,2,12,1024,17450,8776,1059,,,,Circuit Breaker,,
2020-05-19,451,0,28794,530,0,10385,17403,979,0,22,0,0,451,450,1,10,994,17403,9284,1081,,,,Circuit Breaker,,
2020-05-20,570,0,29364,842,0,11227,17181,929,0,22,0,0,570,562,8,11,943,17181,10110,1097,,,,Circuit Breaker,,
2020-05-21,448,0,29812,910,0,12137,16771,876,1,23,0,0,448,434,14,10,891,16771,11017,1100,,,,Circuit Breaker,,
2020-05-22,614,0,30426,838,0,12975,16650,773,0,23,0,0,614,610,4,8,790,16650,11883,1122,,,,Circuit Breaker,,
2020-05-23,642,0,31068,927,0,13902,16452,686,0,23,0,0,642,631,11,8,703,16452,12731,1151,,,,Circuit Breaker,,
2020-05-24,548,0,31616,994,0,14896,16027,665,0,23,0,0,548,544,4,8,682,16027,13686,1190,,,,Circuit Breaker,,
2020-05-25,344,0,31960,862,0,15758,15592,582,0,23,0,0,344,338,6,8,599,15592,14521,1217,,,,Circuit Breaker,,
2020-05-26,383,0,32343,706,0,16464,15291,560,0,23,0,0,383,381,2,8,577,15291,15203,1241,,,,Circuit Breaker,,
2020-05-27,533,0,32876,832,0,17296,15052,500,0,23,0,0,533,529,4,7,518,15052,16007,1269,,,,Circuit Breaker,,
2020-05-28,373,0,33249,1018,0,18314,14422,485,0,23,0,0,373,372,1,7,503,14422,16996,1298,,,,Circuit Breaker,,
2020-05-29,611,0,33860,1337,0,19651,13745,436,0,23,0,0,611,602,9,8,453,13745,18298,1333,,,,Circuit Breaker,,
2020-05-30,506,0,34366,1096,0,20747,13242,349,0,23,0,0,506,501,5,7,367,13242,19305,1422,,,,Circuit Breaker,,
2020-05-31,518,0,34884,972,0,21719,12841,296,0,23,0,0,518,516,2,8,313,12841,20245,1454,,,,Circuit Breaker,,
2020-06-01,408,0,35292,767,0,22486,12458,319,1,24,0,0,408,408,0,7,337,12458,21004,1462,,,,Circuit Breaker,,
2020-06-02,544,0,35836,709,0,23195,12306,306,0,24,0,0,544,540,4,6,325,12306,21706,1469,,,,Phase 1,,
2020-06-03,569,0,36405,407,0,23602,12465,309,0,24,0,0,569,562,7,5,329,12465,22089,1493,,,,Phase 1,,
2020-06-04,517,0,36922,322,0,23924,12691,278,0,24,0,0,517,502,15,5,298,12691,22404,1500,,,,Phase 1,,
2020-06-05,261,0,37183,305,0,24229,12643,282,0,24,0,0,261,250,11,4,303,12643,22693,1516,,,,Phase 1,,
2020-06-06,344,0,37527,350,0,24579,12635,283,1,25,0,0,344,337,7,4,304,12635,23041,1518,,,,Phase 1,,
2020-06-07,383,0,37910,327,0,24906,12704,270,0,25,0,0,383,369,14,3,292,12704,23361,1525,,,,Phase 1,,
2020-06-08,386,0,38296,482,0,25388,12634,244,0,25,0,0,386,384,2,4,265,12634,23823,1545,,,,Phase 1,,
2020-06-09,218,0,38514,509,0,25897,12364,223,0,25,0,0,218,212,6,3,245,12364,24316,1561,,,,Phase 1,,
2020-06-10,451,0,38965,655,0,26552,12185,198,0,25,0,0,451,444,7,3,220,12185,24948,1584,,,,Phase 1,,
2020-06-11,422,0,39387,754,0,27306,11849,201,0,25,1,0,422,416,6,2,225,11849,25689,1597,,,,Phase 1,,
2020-06-12,463,0,39850,754,0,28060,11546,213,0,25,0,0,463,445,18,2,237,11546,26434,1606,,,,Phase 1,,
2020-06-13,347,0,40197,768,0,28828,11135,202,1,26,0,0,347,342,5,1,227,11135,27191,1617,,,,Phase 1,,
2020-06-14,407,0,40604,781,0,29609,10751,212,0,26,0,1,406,397,9,2,236,10751,27961,1628,,,,Phase 1,,
2020-06-15,214,0,40818,777,0,30386,10183,217,0,26,0,0,214,211,3,2,241,10183,28731,1635,,,,Phase 1,,
2020-06-16,151,0,40969,797,0,31183,9511,243,0,26,0,0,151,149,2,2,267,9511,29516,1647,,,,Phase 1,,
2020-06-17,247,0,41216,775,0,31958,8995,231,0,26,0,0,247,242,5,2,255,8995,30277,1661,,,,Phase 1,,
2020-06-18,257,0,41473,774,0,32732,8510,199,0,26,0,0,257,253,4,2,223,8510,31046,1666,,,,Phase 1,,
2020-06-19,142,0,41615,747,0,33479,7918,186,0,26,0,0,142,141,1,2,210,7918,31781,1678,,,,Phase 2,,
2020-06-20,218,0,41833,765,0,34244,7398,159,0,26,0,0,218,216,2,1,184,7398,32540,1684,,,,Phase 2,,
2020-06-21,262,0,42095,718,0,34962,6948,153,0,26,0,0,262,252,10,1,178,6948,33247,1695,,,,Phase 2,,
2020-06-22,218,0,42313,648,0,35610,6497,174,0,26,0,0,218,217,1,1,199,6497,33882,1708,,,,Phase 2,,
2020-06-23,119,0,42432,405,1,36015,6219,166,0,26,0,0,119,116,3,1,191,6219,34283,1712,,,,Phase 2,,
2020-06-24,191,0,42623,304,0,36319,6109,163,0,26,0,0,191,184,7,1,188,6109,34582,1717,,,,Phase 2,,
2020-06-25,113,0,42736,305,0,36624,5917,163,0,26,0,0,113,108,5,1,188,5917,34886,1718,,,,Phase 2,,
2020-06-26,219,0,42955,221,0,36845,5921,157,0,26,0,0,219,213,6,1,182,5921,35095,1730,,,,Phase 2,,
2020-06-27,291,0,43246,338,1,37183,5883,148,0,26,0,0,291,280,11,1,173,5883,35429,1734,,,,Phase 2,,
2020-06-28,213,0,43459,345,0,37528,5741,158,0,26,0,0,213,202,11,1,183,5741,35756,1752,,,,Phase 2,,
2020-06-29,202,0,43661,477,0,38005,5453,171,0,26,0,0,202,196,6,1,196,5453,36224,1761,,,,Phase 2,,
2020-06-30,246,0,43907,515,0,38520,5166,189,0,26,0,1,245,240,5,1,214,5166,36734,1766,,,,Phase 2,,
2020-07-01,215,0,44122,511,0,39031,4876,183,0,26,0,4,211,201,10,1,208,4876,37238,1773,,,,Phase 2,,
2020-07-02,188,0,44310,418,0,39449,4654,175,0,26,0,1,187,177,10,1,200,4654,37654,1784,,,,Phase 2,,
2020-07-03,169,0,44479,340,0,39789,4461,197,0,26,0,3,166,155,11,1,222,4461,37980,1789,,,,Phase 2,,
2020-07-04,185,0,44664,348,0,40137,4317,178,0,26,0,1,184,175,9,2,202,4317,38317,1800,,,,Phase 2,,
2020-07-05,136,0,44800,324,0,40461,4121,186,0,26,0,7,129,111,18,2,210,4121,38627,1814,,,,Phase 2,,
2020-07-06,183,0,44983,276,0,40737,4032,182,0,26,0,3,180,157,23,2,206,4032,38892,1825,,,,Phase 2,,
2020-07-07,157,0,45140,285,0,41022,3893,193,0,26,0,3,154,134,20,1,218,3893,39171,1831,,,,Phase 2,,
2020-07-08,158,1,45297,321,0,41343,3734,187,0,26,1,3,155,146,9,1,214,3734,39482,1841,,,,Phase 2,,
2020-07-09,125,0,45422,322,1,41665,3554,170,0,26,0,1,124,103,21,1,196,3554,39793,1852,,,,Phase 2,,
2020-07-10,191,1,45612,135,0,41800,3604,175,0,26,0,1,190,174,16,1,202,3604,39925,1855,,,,Phase 2,,
2020-07-11,170,0,45782,246,0,42046,3539,164,0,26,0,1,169,145,24,1,191,3539,40151,1875,,,,Phase 2,,
2020-07-12,178,0,45960,259,0,42305,3468,154,0,26,0,1,177,176,1,1,181,3468,40401,1884,,,,Phase 2,,
2020-07-13,322,0,46282,256,0,42561,3550,138,0,26,0,5,317,306,11,1,165,3550,40653,1888,,,,Phase 2,,
2020-07-14,347,0,46629,196,0,42757,3704,134,1,27,0,2,345,338,7,0,161,3704,40842,1895,,,,Phase 2,,
2020-07-15,249,0,46878,251,0,43008,3704,132,0,27,0,5,244,229,15,0,159,3704,41081,1907,,,,Phase 2,,
2020-07-16,248,0,47126,268,0,43276,3697,119,0,27,0,4,244,233,11,0,146,3697,41339,1917,,,,Phase 2,,
2020-07-17,327,0,47453,321,0,43597,3684,137,0,27,1,3,324,315,9,0,165,3684,41654,1923,,,,Phase 2,,
2020-07-18,202,0,47655,256,0,43853,3626,141,0,27,0,8,194,187,7,0,169,3626,41906,1927,,,,Phase 2,,
2020-07-19,257,0,47912,253,0,44106,3618,153,0,27,0,5,252,244,8,0,181,3618,42156,1930,,,,Phase 2,,
2020-07-20,123,0,48035,285,0,44391,3454,155,0,27,0,2,121,110,11,0,183,3454,42436,1935,,,,Phase 2,,
2020-07-21,399,0,48434,213,0,44604,3653,142,0,27,0,3,396,387,9,0,170,3653,42642,1942,,,,Phase 2,,
2020-07-22,310,0,48744,211,0,44815,3772,122,0,27,0,6,304,296,8,0,150,3772,42839,1956,,,,Phase 2,,
2020-07-23,354,0,49098,220,0,45035,3919,109,0,27,0,5,349,341,8,0,137,3919,43048,1967,,,,Phase 2,,
2020-07-24,277,0,49375,157,0,45192,4019,129,0,27,0,2,275,272,3,0,157,4019,43186,1986,,,,Phase 2,,
2020-07-25,513,0,49888,180,0,45372,4316,165,0,27,0,6,507,505,2,0,148,4361,43357,1995,,,,Phase 2,,
2020-07-26,481,0,50369,169,0,45541,4648,145,0,27,0,4,477,472,5,0,173,4648,43518,2003,,,,Phase 2,,
2020-07-27,469,0,50838,171,0,45712,4940,151,0,27,0,15,454,452,2,0,179,4940,43686,2006,,,,Phase 2,,
2020-07-28,359,0,51197,201,0,45913,5092,157,0,27,0,2,357,355,2,0,185,5092,43875,2018,,,,Phase 2,,
2020-07-29,334,0,51531,205,0,46118,5222,156,0,27,0,4,330,327,3,0,184,5222,44071,2027,,,,Phase 2,,
2020-07-30,278,0,51809,210,0,46328,5326,120,0,27,0,4,274,270,4,0,148,5326,44264,2044,,,,Phase 2,,
2020-07-31,396,0,52205,183,0,46511,5551,108,0,27,0,3,393,390,3,0,136,5551,44436,2055,,,,Phase 2,,
2020-08-01,307,0,52512,249,0,46760,5628,89,0,27,0,5,302,301,1,0,117,5628,44677,2063,,,,Phase 2,,
2020-08-02,313,0,52825,186,0,46946,5763,81,0,27,0,5,308,307,1,0,109,5763,44852,2074,,,,Phase 2,,
2020-08-03,226,0,53051,253,0,47199,5730,87,0,27,0,9,217,216,1,1,114,5730,45096,2083,,,,Phase 2,,
2020-08-04,295,0,53346,275,0,47474,5740,97,0,27,0,7,288,286,2,1,124,5740,45364,2090,,,,Phase 2,,
2020-08-05,908,0,54254,314,0,47788,6333,98,0,27,0,4,904,903,1,1,125,6333,45668,2100,,,,Phase 2,,
2020-08-06,301,0,54555,263,0,48051,6385,84,0,27,0,4,297,293,4,0,112,6385,45925,2106,,,,Phase 2,,
2020-08-07,242,0,54797,281,0,48332,6334,96,0,27,0,6,236,235,1,0,124,6334,46196,2116,,,,Phase 2,,
2020-08-08,132,0,54929,271,0,48603,6174,117,0,27,0,6,126,125,1,0,145,6174,46457,2126,,,,Phase 2,,
2020-08-09,175,0,55104,332,0,48935,6027,107,0,27,0,3,172,171,1,0,135,6027,46778,2137,,,,Phase 2,,
2020-08-10,188,0,55292,694,0,49629,5544,84,0,27,0,12,176,175,1,0,112,5544,47453,2156,,,,Phase 2,,
2020-08-11,61,0,55353,519,0,50148,5094,76,0,27,0,3,58,56,2,0,104,5094,47960,2168,,,,Phase 2,,
2020-08-12,42,0,55395,392,0,50540,4756,64,0,27,0,11,31,30,1,0,92,4756,48341,2179,,,,Phase 2,,
2020-08-13,102,0,55497,216,0,50756,4643,63,0,27,0,6,96,91,5,0,91,4643,48552,2184,,,,Phase 2,,
2020-08-14,83,0,55580,313,0,51069,4425,51,0,27,0,4,79,79,0,0,79,4425,48856,2193,,,,Phase 2,,
2020-08-15,81,0,55661,472,0,51541,4030,55,0,27,0,16,65,62,3,0,83,4030,49326,2195,,,,Phase 2,,
2020-08-16,86,0,55747,432,0,51973,3685,54,0,27,0,6,80,78,2,0,82,3686,49746,2206,,,,Phase 2,,
2020-08-17,91,0,55838,397,0,52370,3379,54,0,27,0,6,85,85,0,0,82,3380,50142,2207,,,,Phase 2,,
2020-08-18,100,0,55938,183,0,52553,3290,60,0,27,0,2,98,97,1,0,88,3291,50323,2209,,,,Phase 2,,
2020-08-19,93,0,56031,277,0,52830,3107,59,0,27,0,6,87,85,2,0,87,3108,50597,2212,,,,Phase 2,,
2020-08-20,68,0,56099,309,0,53139,2878,47,0,27,0,2,66,66,0,0,75,2879,50901,2217,,,,Phase 2,,
2020-08-21,117,0,56216,532,0,53671,2466,44,0,27,0,13,104,98,6,0,72,2467,51427,2223,,,,Phase 2,,
2020-08-22,50,0,56266,269,0,53940,2238,53,0,27,0,5,45,43,2,0,81,2239,51691,2228,,,,Phase 2,,
2020-08-23,87,0,56353,244,0,54184,2086,48,0,27,0,13,74,73,1,0,76,2087,51929,2234,,,,Phase 2,,
2020-08-24,51,0,56404,423,0,54607,1706,56,0,27,0,7,44,43,1,0,84,1707,52347,2239,,,,Phase 2,,
2020-08-25,31,0,56435,230,0,54837,1514,49,0,27,0,1,30,30,0,0,78,1514,52564,2252,,,,Phase 2,,
2020-08-26,60,0,56495,155,0,54992,1432,36,0,27,0,10,50,47,3,0,65,1432,52708,2263,,,,Phase 2,,
2020-08-27,77,0,56572,168,0,55160,1340,37,0,27,0,5,72,70,2,0,66,1340,52871,2268,,,,Phase 2,,
2020-08-28,94,0,56666,198,0,55358,1231,42,0,27,0,10,84,80,4,0,71,1231,53066,2271,,,,Phase 2,,
2020-08-29,51,0,56717,110,0,55468,1173,41,0,27,0,3,48,47,1,0,70,1173,53166,2281,,,,Phase 2,,
2020-08-30,54,0,56771,139,0,55607,1084,45,0,27,0,7,47,39,8,0,74,1084,53300,2286,,,,Phase 2,,
2020-08-31,41,0,56812,72,0,55679,1049,49,0,27,0,7,34,31,3,0,78,1049,53366,2292,,,,Phase 2,,
2020-09-01,40,0,56852,91,0,55770,990,57,0,27,0,7,33,32,1,0,86,990,53455,2294,,,,Phase 2,,
2020-09-02,49,41,56860,142,0,55912,867,46,0,27,0,3,46,43,3,0,75,867,53592,2299,,,,Phase 2,,
2020-09-03,48,0,56908,137,0,56049,801,23,0,27,0,5,43,41,2,0,52,801,53712,2316,,,,Phase 2,,
2020-09-04,40,0,56948,146,0,56195,696,22,0,27,0,3,37,37,0,0,51,696,53852,2322,,,,Phase 2,,
2020-09-05,34,0,56982,93,0,56288,638,21,0,27,0,2,32,29,3,0,50,638,53942,2325,,,,Phase 2,,
2020-09-06,40,0,57022,66,0,56354,611,22,0,27,0,13,27,23,4,0,51,611,53998,2335,,,,Phase 2,,
2020-09-07,22,0,57044,75,0,56429,558,22,0,27,0,3,19,18,1,0,51,558,54068,2340,,,,Phase 2,,
2020-09-08,47,0,57091,53,0,56482,555,19,0,27,0,1,46,46,0,0,48,555,54117,2344,,,,Phase 2,,
2020-09-09,75,0,57166,31,0,56513,613,5,0,27,0,14,61,60,1,0,34,613,54136,2356,,,,Phase 2,,
2020-09-10,63,0,57229,66,0,56579,597,18,0,27,0,6,57,55,2,0,47,597,54200,2358,,,,Phase 2,,
2020-09-11,86,0,57315,49,0,56628,632,20,0,27,0,13,73,73,0,0,49,632,54243,2364,,,,Phase 2,,
2020-09-12,42,0,57357,92,0,56720,577,25,0,27,0,10,32,28,4,0,54,577,54328,2371,,,,Phase 2,,
2020-09-13,49,0,57406,65,0,56785,555,31,0,27,0,8,41,40,1,0,60,555,54387,2377,,,,Phase 2,,
2020-09-14,48,0,57454,38,0,56823,572,24,0,27,0,5,43,43,0,0,53,572,54415,2387,,,,Phase 2,,
2020-09-15,34,0,57488,82,0,56905,526,22,0,27,0,6,28,28,0,0,51,526,54495,2389,,,,Phase 2,,
2020-09-16,27,1,57514,71,0,56976,490,13,0,27,0,2,25,23,2,0,42,490,54556,2399,,,,Phase 2,,
2020-09-17,18,0,57532,84,0,57060,423,14,0,27,0,2,16,15,1,0,43,423,54634,2405,,,,Phase 2,,
2020-09-18,11,0,57543,32,0,57092,407,9,0,27,0,1,10,9,0,0,38,407,54658,2413,,,,Phase 2,,
2020-09-19,15,0,57558,71,0,57163,362,-2,0,27,0,5,10,9,1,0,27,362,54720,2422,,,,Phase 2,,
2020-09-20,18,0,57576,39,0,57202,338,1,0,27,0,4,14,13,1,0,30,338,54756,2425,,,,Phase 2,,
2020-09-21,31,1,57606,60,0,57262,302,7,0,27,0,9,22,22,0,0,36,302,54817,2424,,,,Phase 2,,
2020-09-22,21,0,57627,21,0,57283,301,8,0,27,0,1,20,20,0,0,37,301,54833,2429,,,,Phase 2,,
2020-09-23,12,0,57639,29,0,57312,285,7,0,27,0,4,8,7,1,0,36,285,54856,2435,,,,Phase 2,,
2020-09-24,15,0,57654,42,0,57354,266,-1,0,27,0,5,10,10,0,0,28,266,54887,2446,,,,Phase 2,,
2020-09-25,11,0,57665,8,0,57362,268,0,0,27,0,2,9,9,0,0,30,268,54893,2447,,,,Phase 2,,
2020-09-26,20,0,57685,19,0,57381,274,-5,0,27,0,5,15,14,1,0,25,274,54910,2449,,,,Phase 2,,
2020-09-27,15,0,57700,8,0,57389,275,1,0,27,0,5,10,10,0,0,31,275,54918,2449,,,,Phase 2,,
2020-09-28,15,0,57715,26,0,57415,259,6,0,27,0,6,9,7,2,0,36,259,54941,2452,,,,Phase 2,,
2020-09-29,27,0,57742,73,0,57488,217,2,0,27,0,9,18,17,1,0,32,217,55008,2458,,,,Phase 2,,
2020-09-30,23,0,57765,22,0,57510,209,11,0,27,0,4,19,16,3,0,41,209,55029,2459,,,,Phase 2,,
2020-10-01,19,0,57784,24,0,57534,201,14,0,27,0,15,4,3,1,0,44,201,55049,2463,,,,Phase 2,,
2020-10-02,10,0,57794,22,0,57556,185,18,0,27,0,5,5,4,1,0,48,185,55068,2466,,,,Phase 2,,
2020-10-03,6,0,57800,28,0,57584,165,16,0,27,0,4,2,1,1,0,46,165,55085,2477,,,,Phase 2,,
2020-10-04,12,0,57812,13,0,57597,167,13,0,27,0,6,6,4,2,0,43,167,55095,2480,,,,Phase 2,,
2020-10-05,7,0,57819,22,0,57619,153,12,0,27,0,1,6,5,1,0,42,153,55112,2485,,,,Phase 2,,
2020-10-06,11,0,57830,15,0,57634,148,13,0,27,0,4,7,5,2,1,42,148,55125,2487,,,,Phase 2,,
2020-10-07,10,0,57840,12,0,57646,150,9,0,27,0,6,4,4,0,1,38,150,55133,2491,,,,Phase 2,,
2020-10-08,9,0,57849,44,0,57690,119,5,0,27,0,5,4,4,0,1,34,119,55171,2497,,,,Phase 2,,
2020-10-09,10,0,57859,7,0,57697,120,7,0,27,0,9,1,1,0,1,36,120,55173,2502,,,,Phase 2,,
2020-10-10,7,0,57866,23,0,57720,101,10,0,27,0,5,2,1,1,1,39,101,55192,2506,,,,Phase 2,,
2020-10-11,10,0,57876,7,0,57727,100,14,0,27,0,7,3,3,0,1,43,100,55196,2509,,,,Phase 2,,
2020-10-12,4,0,57880,23,0,57750,76,18,1,28,0,2,2,1,1,0,48,76,55215,2513,,,,Phase 2,,
2020-10-13,4,0,57884,12,0,57762,81,5,0,28,0,4,0,0,0,0,35,81,55223,2517,,,,Phase 2,,
2020-10-14,5,0,57889,12,0,57774,70,9,0,28,0,3,2,0,2,0,39,70,55231,2521,,,,Phase 2,,
2020-10-15,3,0,57892,12,0,57786,64,6,0,28,0,2,1,1,0,0,36,64,55239,2525,,,,Phase 2,,
2020-10-16,9,0,57901,20,0,57806,59,0,0,28,0,8,1,1,0,0,30,59,55257,2527,,,,Phase 2,,
2020-10-17,3,0,57904,14,0,57820,41,7,0,28,0,1,2,1,1,0,37,41,55270,2528,,,,Phase 2,,
2020-10-18,7,0,57911,9,0,57829,36,10,0,28,0,5,2,1,1,0,40,36,55278,2529,,,,Phase 2,,
2020-10-19,4,0,57915,12,0,57841,34,4,0,28,0,4,0,0,0,0,34,34,55281,2538,,,,Phase 2,,
2020-10-20,6,0,57921,0,0,57841,36,8,0,28,0,4,2,2,0,0,38,36,55281,2538,,,,Phase 2,,
2020-10-21,12,0,57933,2,0,57843,41,13,0,28,0,12,0,0,0,0,34,41,55283,2538,,,,Phase 2,,
2020-10-22,8,0,57941,8,0,57851,45,9,0,28,0,7,1,1,0,0,45,39,55286,2543,,,,Phase 2,,
2020-10-23,10,0,57951,3,0,57854,39,22,0,28,0,10,0,0,0,0,52,39,55289,2543,,,,Phase 2,,
2020-10-24,14,0,57965,12,0,57866,40,23,0,28,0,11,3,1,2,0,53,40,55293,2551,,,,Phase 2,,
2020-10-25,5,0,57970,14,0,57880,33,21,0,28,0,3,2,2,0,0,51,33,55301,2557,,,,Phase 2,,
2020-10-26,3,0,57973,21,0,57901,23,13,0,28,0,2,1,1,0,0,43,23,55311,2568,,,,Phase 2,,
2020-10-27,7,0,57980,4,0,57905,26,13,0,28,0,6,1,0,1,0,43,26,55312,2571,,,,Phase 2,,
2020-10-28,7,0,57987,7,0,57912,29,10,0,28,0,7,0,0,0,0,40,29,55316,2574,,,,Phase 2,,
2020-10-29,7,0,57994,9,0,57921,30,7,0,28,0,7,0,0,0,0,37,30,55317,2582,,,,Phase 2,,
2020-10-30,9,0,58003,10,0,57931,24,12,0,28,0,7,2,1,1,0,42,24,55326,2583,,,,Phase 2,,
2020-10-31,12,0,58015,4,0,57935,32,12,0,28,0,12,0,0,0,0,42,32,55327,2586,,,,Phase 2,,
2020-11-01,4,0,58019,11,0,57946,21,16,0,28,0,4,0,0,0,0,46,21,55331,2593,,,,Phase 2,,
2020-11-02,1,0,58020,0,0,57946,22,16,0,28,0,1,0,0,0,0,46,22,55331,2593,,,,Phase 2,,
2020-11-03,9,0,58029,13,0,57959,26,8,0,28,0,7,2,2,0,0,38,26,55334,2603,,,,Phase 2,,
2020-11-04,7,0,58036,1,0,57960,26,14,0,28,0,5,2,2,0,0,44,26,55335,2603,,,,Phase 2,,
2020-11-05,7,0,58043,11,0,57971,26,10,0,28,0,6,1,0,1,0,40,26,55339,2610,,,,Phase 2,,
2020-11-06,4,0,58047,10,0,57981,24,6,0,28,0,4,0,0,0,0,36,24,55343,2616,,,,Phase 2,,
2020-11-07,7,0,58054,9,0,57990,24,4,0,28,0,7,0,0,0,0,34,24,55345,2623,,,,Phase 2,,
2020-11-08,2,0,58056,7,0,57997,20,3,0,28,0,2,0,0,0,0,33,20,55348,2627,,,,Phase 2,,
2020-11-09,8,0,58064,6,0,58003,21,4,0,28,0,8,0,0,0,0,34,21,55353,2628,,,,Phase 2,,
2020-11-10,9,0,58073,4,0,58007,20,10,0,28,0,7,2,1,1,0,40,20,55355,2630,,,,Phase 2,,
2020-11-11,18,0,58091,5,0,58012,40,3,0,28,0,18,0,0,0,0,33,40,55358,2632,,,,Phase 2,,
2020-11-12,11,0,58102,12,0,58024,24,18,0,28,0,11,0,0,0,0,48,24,55363,2639,,,,Phase 2,,
2020-11-13,12,0,58114,6,0,58030,28,20,0,28,0,12,0,0,0,0,50,28,55365,2643,,,,Phase 2,,
2020-11-14,2,0,58116,11,0,58041,22,17,0,28,0,2,0,0,0,0,47,22,55366,2653,,,,Phase 2,,
2020-11-15,3,0,58119,10,0,58051,21,11,0,28,0,3,0,0,0,0,41,21,55369,2660,,,,Phase 2,,
2020-11-16,5,0,58124,4,0,58055,23,10,0,28,0,5,0,0,0,0,40,23,55369,2664,,,,Phase 2,,
2020-11-17,6,0,58130,6,0,58061,26,7,0,28,0,6,0,0,0,0,37,26,55370,2669,,,,Phase 2,,
2020-11-18,5,0,58135,7,0,58068,28,3,0,28,0,5,0,0,0,0,33,28,55375,2671,,,,Phase 2,,
2020-11-19,4,0,58139,6,0,58074,31,-2,0,28,0,4,0,0,0,1,27,31,55378,2674,,,,Phase 2,,
2020-11-20,4,0,58143,6,0,58080,31,-4,0,28,0,4,0,0,0,1,25,31,55381,2677,,,,Phase 2,,
2020-11-21,5,0,58148,6,0,58086,34,-8,0,28,0,5,0,0,0,1,21,34,55384,2680,,,,Phase 2,,
2020-11-22,12,0,58160,3,0,58089,39,-4,0,28,0,12,0,0,0,1,25,39,55387,2680,,,,Phase 2,,
2020-11-23,5,0,58165,4,0,58093,30,6,0,28,0,5,0,0,0,1,35,30,55389,2682,,,,Phase 2,,
2020-11-24,18,0,58183,8,0,58101,39,7,0,28,0,18,0,0,0,1,36,39,55394,2685,,,,Phase 2,,
2020-11-25,7,0,58190,12,0,58113,29,12,0,28,0,7,0,0,0,1,41,29,55399,2692,,,,Phase 2,,
2020-11-26,5,0,58195,13,0,58126,20,13,0,28,0,4,1,0,1,1,42,20,55407,2697,,,,Phase 2,,
2020-11-27,4,0,58199,7,0,58133,29,1,0,28,0,4,0,0,0,1,30,29,55407,2704,,,,Phase 2,,
2020-11-28,6,0,58205,8,0,58141,25,2,1,29,0,5,1,0,1,0,32,25,55409,2710,,,,Phase 2,,
2020-11-29,8,0,58213,5,0,58146,29,1,0,29,0,7,1,0,1,0,31,29,55410,2714,,,,Phase 2,,
2020-11-30,5,0,58218,10,0,58156,26,-1,0,29,0,4,1,0,1,0,29,26,55417,2717,,,,Phase 2,,
2020-12-01,10,0,58228,5,0,58161,31,-1,0,29,0,8,2,1,1,0,29,31,55421,2718,,,,Phase 2,,
2020-12-02,2,0,58230,5,0,58166,29,-2,0,29,0,2,0,0,0,0,28,29,55424,2720,,,,Phase 2,,
2020-12-03,9,0,58239,1,0,58167,39,-4,0,29,0,8,1,1,0,0,26,39,55424,2721,,,,Phase 2,,
2020-12-04,3,0,58242,7,0,58174,33,-2,0,29,0,3,0,0,0,0,28,33,55430,2722,,,,Phase 2,,
2020-12-05,13,0,58255,6,0,58180,42,-4,0,29,0,12,1,0,1,0,26,42,55435,2723,,,,Phase 2,,
2020-12-06,5,0,58260,2,0,58182,44,-3,0,29,0,5,0,0,0,0,27,44,55436,2724,,,,Phase 2,,
2020-12-07,13,0,58273,8,0,58190,48,-2,0,29,0,13,0,0,0,0,28,48,55442,2726,,,,Phase 2,,
2020-12-08,12,0,58285,8,0,58198,57,-7,0,29,0,12,0,0,0,0,23,57,55448,2728,,,,Phase 2,,
2020-12-09,6,0,58291,6,0,58204,60,-10,0,29,0,6,0,0,0,0,20,60,55448,2734,,,,Phase 2,,
2020-12-10,6,0,58297,6,0,58210,60,-10,0,29,0,6,0,0,0,0,20,60,55453,2735,,,,Phase 2,,
2020-12-11,8,0,58305,4,0,58214,55,-1,0,29,0,7,1,1,0,0,29,55,55456,2736,,,,Phase 2,,
2020-12-12,8,0,58313,5,0,58219,59,-2,0,29,0,8,0,0,0,0,28,59,55459,2738,,,,Phase 2,,
2020-12-13,7,0,58320,11,0,58230,62,-9,0,29,0,7,0,0,0,0,21,62,55465,2743,,,,Phase 2,,
2020-12-14,5,0,58325,2,0,58232,64,-8,0,29,0,5,0,0,0,0,22,64,55465,2745,,,,Phase 2,,
2020-12-15,16,0,58341,23,0,58255,54,-5,0,29,0,15,1,1,0,0,25,54,55485,2748,,,,Phase 2,,
2020-12-16,12,0,58353,5,0,58260,61,-5,0,29,0,12,0,0,0,0,25,61,55489,2749,,,,Phase 2,,
2020-12-17,24,0,58377,14,0,58274,63,3,0,29,0,24,0,0,0,0,33,63,55497,2755,,,,Phase 2,,
2020-12-18,9,0,58386,13,0,58287,56,6,0,29,0,9,0,0,0,0,36,56,55502,2763,,,,Phase 2,,
2020-12-19,17,0,58403,9,0,58296,62,8,0,29,0,17,0,0,0,0,38,62,55507,2767,,,,Phase 2,,
2020-12-20,19,0,58422,5,0,58301,71,13,0,29,0,19,0,0,0,0,43,71,55511,2768,,,,Phase 2,,
2020-12-21,10,0,58432,8,0,58309,70,16,0,29,0,9,1,0,1,0,46,70,55518,2769,,,,Phase 2,,
2020-12-22,29,0,58461,17,0,58326,81,17,0,29,0,29,0,0,0,0,47,81,55528,2776,,,,Phase 2,,
2020-12-23,21,0,58482,18,0,58344,97,4,0,29,0,21,0,0,0,0,34,97,55537,2785,,,,Phase 2,,
2020-12-24,13,0,58495,10,0,58354,98,6,0,29,0,13,0,0,0,0,36,98,55542,2790,,,,Phase 2,,
2020-12-25,14,0,58509,20,0,58374,97,1,0,29,0,14,0,0,0,0,31,97,55558,2794,,,,Phase 2,,
2020-12-26,10,0,58519,10,0,58384,91,7,0,29,0,10,0,0,0,0,37,91,55563,2799,,,,Phase 2,,
2020-12-27,5,0,58524,8,0,58392,94,1,0,29,0,5,0,0,0,0,31,94,55567,2803,,,,Phase 2,,
2020-12-28,5,0,58529,16,0,58408,79,5,0,29,0,4,1,0,1,0,35,79,55579,2807,,,,Phase 3,,
2020-12-29,13,0,58542,14,0,58422,76,7,0,29,0,13,0,0,0,0,37,76,55586,2814,,,,Phase 3,,
2020-12-30,27,0,58569,11,0,58433,77,22,0,29,0,26,1,0,1,0,52,77,55595,2816,,,,Phase 3,,
2020-12-31,30,0,58599,38,0,58471,64,27,0,29,0,25,5,0,5,1,56,64,55622,2827,,,,Phase 3,,
2021-01-01,30,0,58629,10,0,58481,85,26,0,29,0,27,3,0,3,1,55,85,55624,2835,,,,Phase 3,,
2021-01-02,33,0,58662,17,0,58498,96,31,0,29,0,33,0,0,0,1,60,96,55629,2847,,,,Phase 3,,
2021-01-03,35,0,58697,11,0,58509,117,34,0,29,0,35,0,0,0,1,63,117,55631,2856,,,,Phase 3,,
2021-01-04,24,0,58721,10,0,58519,128,37,0,29,0,24,0,0,0,1,66,128,55634,2863,,,,Phase 3,,
2021-01-05,28,0,58749,20,0,58539,143,30,0,29,0,26,2,0,2,1,59,143,55641,2876,,,,Phase 3,,
2021-01-06,31,0,58780,24,0,58563,146,34,0,29,0,29,2,0,2,1,63,146,55657,2884,,,,Phase 3,,
2021-01-07,33,0,58813,21,0,58584,161,31,0,29,0,31,2,0,2,1,60,161,55674,2888,,,,Phase 3,,
2021-01-08,23,0,58836,18,0,58602,166,31,0,29,0,21,2,0,2,1,60,166,55683,2897,,,,Phase 3,,
2021-01-09,29,0,58865,31,0,58633,158,37,0,29,0,29,0,0,0,1,66,158,55709,2902,,,,Phase 3,,
2021-01-10,42,0,58907,25,0,58658,182,30,0,29,0,42,0,0,0,1,59,182,55722,2914,,,,Phase 3,,
2021-01-11,22,0,58929,32,0,58690,165,37,0,29,0,22,0,0,0,1,66,165,55748,2920,,,,Phase 3,,
2021-01-12,17,0,58946,26,0,58716,170,23,0,29,0,17,0,0,0,1,52,170,55764,2930,,,,Phase 3,,
2021-01-13,38,0,58984,28,0,58744,177,26,0,29,0,37,1,1,0,1,55,177,55787,2935,,,,Phase 3,,
2021-01-14,45,0,59029,35,0,58779,202,11,0,29,0,44,1,0,1,0,41,202,55810,2947,,,,Phase 3,,
2021-01-15,30,0,59059,14,0,58793,208,21,0,29,0,29,1,0,1,0,51,208,55818,2953,,,,Phase 3,,
2021-01-16,24,0,59083,13,0,58806,216,24,0,29,0,19,5,1,4,0,54,216,55825,2959,,,,Phase 3,,
2021-01-17,30,0,59113,62,0,58868,189,19,0,29,0,28,2,0,2,0,49,189,55881,2965,,,,Phase 3,,
2021-01-18,14,0,59127,22,0,58890,186,14,0,29,0,12,2,0,2,0,44,186,55891,2977,,,,Phase 3,,
2021-01-19,30,0,59157,26,0,58916,189,15,0,29,0,26,4,0,4,0,45,189,55910,2984,,,,Phase 3,,
2021-01-20,40,0,59197,32,0,58948,197,15,0,29,0,36,4,0,4,1,44,197,55938,2988,,,,Phase 3,,
2021-01-21,38,0,59235,33,0,58981,204,13,0,29,0,34,4,0,4,1,42,204,55966,2993,,,,Phase 3,,
2021-01-22,15,0,59250,24,0,59005,197,11,0,29,0,14,1,0,1,1,40,197,55987,2996,,,,Phase 3,,
2021-01-23,10,0,59260,32,0,59037,178,8,0,29,0,10,0,0,0,0,38,178,56016,2999,,,,Phase 3,,
2021-01-24,48,0,59308,26,0,59063,188,20,0,29,0,48,0,0,0,0,50,188,56039,3002,,,,Phase 3,,
2021-01-25,44,0,59352,25,0,59088,198,29,0,29,0,44,0,0,0,0,59,198,56601,3005,,,,Phase 3,,
2021-01-26,14,0,59366,20,0,59108,201,20,0,29,0,14,0,0,0,0,50,201,56072,3014,,,,Phase 3,,
2021-01-27,25,0,59391,18,0,59126,220,8,0,29,0,25,0,0,0,0,38,220,56082,3022,,,,Phase 3,,
2021-01-28,34,0,59425,44,0,59170,208,10,0,29,0,34,0,0,0,0,40,208,56124,3024,,,,Phase 3,,
2021-01-29,24,0,59449,33,0,59203,192,17,0,29,0,24,0,0,0,0,47,192,56154,3027,,,,Phase 3,,
2021-01-30,58,0,59507,15,0,59218,236,16,0,29,0,55,3,0,3,0,46,236,56167,3029,,,,Phase 3,,
2021-01-31,29,0,59536,32,0,59250,235,14,0,29,0,29,0,0,0,0,44,235,56192,3036,,,,Phase 3,,
2021-02-01,29,0,59565,43,0,59293,220,15,0,29,0,29,0,0,0,0,45,220,56228,3043,,,,Phase 3,,
2021-02-02,19,0,59584,30,0,59323,210,14,0,29,0,19,0,0,0,0,44,210,56253,3048,,,,Phase 3,,
2021-02-03,18,0,59602,19,0,59342,214,9,0,29,0,18,0,0,0,0,39,214,56268,3052,,,,Phase 3,,
2021-02-04,22,0,59624,28,0,59370,209,8,0,29,0,22,0,0,0,0,38,209,56294,3054,,,,Phase 3,,
2021-02-05,25,0,59649,25,0,59395,206,11,0,29,0,23,2,1,1,1,40,206,56317,3056,,,,Phase 3,,
2021-02-06,26,0,59675,32,0,59427,202,9,0,29,0,26,0,0,0,1,38,202,56342,3063,,,,Phase 3,,
2021-02-07,24,0,59699,28,0,59455,201,6,0,29,0,23,1,1,0,1,35,201,56369,3064,,,,Phase 3,,
2021-02-08,22,0,59721,51,0,59506,164,14,0,29,0,20,2,2,0,1,43,164,56416,3068,,,,Phase 3,,
2021-02-09,11,0,59732,22,0,59528,157,10,0,29,0,11,0,0,0,1,39,157,56434,3072,,,,Phase 3,,
2021-02-10,15,0,59747,20,0,59548,156,6,0,29,0,14,1,0,1,1,35,156,56449,3077,,,,Phase 3,,
2021-02-11,12,0,59759,32,0,59580,139,3,0,29,0,9,3,3,0,1,32,139,56475,3083,,,,Phase 3,,
2021-02-12,18,0,59777,11,0,59591,148,1,0,29,0,16,2,2,0,1,30,148,56486,3083,,,,Phase 3,,
2021-02-13,9,0,59786,35,0,59626,119,4,0,29,0,9,0,0,0,1,33,119,56517,3087,,,,Phase 3,,
2021-02-14,14,0,59800,17,0,59643,118,2,0,29,0,14,0,0,0,1,31,118,56532,3089,,,,Phase 3,,
2021-02-15,9,0,59809,20,0,59663,103,6,0,29,0,9,0,0,0,1,35,103,56551,3090,,,,Phase 3,,
2021-02-16,1,0,59810,20,0,59683,90,0,0,29,0,1,0,0,0,1,29,90,56567,3094,,,,Phase 3,,
2021-02-17,11,0,59821,15,0,59698,91,-5,0,29,0,10,1,0,1,1,24,91,56580,3096,,,,Phase 3,,
2021-02-18,11,0,59832,3,0,59701,104,-10,0,29,0,11,0,0,0,1,19,104,56580,3099,,,,Phase 3,,
2021-02-19,14,0,59846,18,0,59719,100,-10,0,29,0,14,0,0,0,1,19,100,56595,3102,,,,Phase 3,,
2021-02-20,12,0,59858,22,0,59741,90,-10,0,29,0,12,0,0,0,1,19,90,56613,3106,,,,Phase 3,,
2021-02-21,11,0,59869,12,0,59753,87,-8,0,29,0,11,0,0,0,1,21,87,56623,3108,,,,Phase 3,,
2021-02-22,10,0,59879,15,0,59768,85,-11,0,29,0,9,1,0,1,1,18,85,56629,3117,,,,Phase 3,,
2021-02-23,4,0,59883,7,0,59775,82,-11,0,29,0,3,1,1,0,1,18,82,56634,3119,,,,Phase 3,,
2021-02-24,7,0,59890,8,0,59783,82,-12,0,29,0,6,1,0,1,1,17,82,56639,3122,,,,Phase 3,,
2021-02-25,10,0,59900,24,0,59807,70,-14,0,29,0,8,2,0,2,1,15,70,56658,3127,,,,Phase 3,,
2021-02-26,13,0,59913,18,0,59825,66,-15,0,29,0,13,0,0,0,1,14,66,56674,3129,,,,Phase 3,,
2021-02-27,12,0,59925,13,0,59838,65,-15,0,29,0,12,0,0,0,1,14,65,56687,3129,,,,Phase 3,,
2021-02-28,11,0,59936,7,0,59845,66,-12,0,29,0,10,1,1,0,1,17,66,56692,3131,,,,Phase 3,,
2021-03-01,12,0,59948,7,0,59852,69,-10,0,29,0,12,0,0,0,1,19,69,56698,3132,,,,Phase 3,,
2021-03-02,8,0,59956,12,0,59864,66,-11,0,29,0,8,0,0,0,1,18,66,56708,3134,,,,Phase 3,,
2021-03-03,23,0,59979,7,0,59871,83,-12,0,29,0,21,2,0,2,1,17,83,56714,3135,,,,Phase 3,,
2021-03-04,19,0,59998,8,0,59879,88,-6,0,29,0,18,1,0,1,1,23,88,56721,3136,,,,Phase 3,,
2021-03-05,9,0,60007,13,0,59892,91,-13,0,29,0,9,0,0,0,1,16,91,56731,3139,,,,Phase 3,,
2021-03-06,13,0,60020,9,0,59901,90,-8,0,29,0,12,1,0,1,1,21,90,56737,3142,,,,Phase 3,,
2021-03-07,13,0,60033,15,0,59916,86,-6,0,29,0,13,0,0,0,1,23,86,56746,3148,,,,Phase 3,,
2021-03-08,13,0,60046,6,0,59922,96,-9,0,29,0,13,0,0,0,1,20,96,56750,3150,,,,Phase 3,,
2021-03-09,6,0,60052,5,0,59927,97,-9,0,29,0,6,0,0,0,1,20,97,56754,3151,,,,Phase 3,,
2021-03-10,10,0,60062,6,0,59933,97,-5,0,29,0,10,0,0,0,1,24,97,56760,3151,,,,Phase 3,,
2021-03-11,8,0,60070,28,0,59961,81,-9,0,29,0,7,1,0,1,1,20,81,56785,3154,,,,Phase 3,,
2021-03-12,10,0,60080,11,0,59972,80,-9,0,29,0,9,1,0,1,1,20,80,56793,3157,,,,Phase 3,,
2021-03-13,8,0,60088,11,0,59983,80,-13,1,30,0,8,0,0,0,0,17,80,56804,3157,,,,Phase 3,,
2021-03-14,17,0,60105,7,0,59990,90,-13,0,30,0,17,0,0,0,0,17,90,56807,3161,,,,Phase 3,,
2021-03-15,12,0,60117,6,0,59996,93,-10,0,30,0,12,0,0,0,0,20,93,56812,3162,,,,Phase 3,,
2021-03-16,11,0,60128,10,0,60006,93,-9,0,30,0,11,0,0,0,0,21,93,56822,3162,,,,Phase 3,,
2021-03-17,9,0,60137,17,0,60023,87,-11,0,30,0,9,0,0,0,0,19,87,56835,3166,,,,Phase 3,,
2021-03-18,15,0,60152,13,0,60036,94,-16,0,30,0,15,0,0,0,0,14,94,56842,3172,,,,Phase 3,,
2021-03-19,15,0,60167,5,0,60041,103,-15,0,30,0,15,0,0,0,0,15,103,56846,3173,,,,Phase 3,,
2021-03-20,17,0,60184,3,0,60044,115,-13,0,30,0,17,0,0,0,0,17,115,56849,3173,,,,Phase 3,,
2021-03-21,12,0,60196,16,0,60060,110,-12,0,30,0,12,0,0,0,0,18,110,56864,3174,,,,Phase 3,,
2021-03-22,12,0,60208,13,0,60073,106,-9,0,30,0,12,0,0,0,0,21,106,56876,3175,,,,Phase 3,,
2021-03-23,13,0,60221,12,0,60085,103,-5,0,30,0,13,0,0,0,0,25,103,56885,3178,,,,Phase 3,,
2021-03-24,15,0,60236,15,0,60100,103,-5,0,30,0,15,0,0,0,0,25,103,56899,3179,,,,Phase 3,,
2021-03-25,17,0,60253,8,0,60108,112,-5,0,30,0,17,0,0,0,0,25,112,56904,3182,,,,Phase 3,,
2021-03-26,12,0,60265,17,0,60125,105,-3,0,30,0,11,1,0,1,1,26,105,56919,3184,,,,Phase 3,,
2021-03-27,23,0,60288,10,0,60135,113,2,0,30,0,22,1,0,1,1,31,113,56928,3185,,,,Phase 3,,
2021-03-28,12,0,60300,9,0,60144,115,3,0,30,0,12,0,0,0,1,32,115,56935,3187,,,,Phase 3,,
2021-03-29,21,0,60321,9,0,60153,121,9,0,30,0,21,0,0,0,1,38,121,56944,3187,,,,Phase 3,,
2021-03-30,26,0,60347,7,0,60160,142,7,0,30,0,26,0,0,0,1,36,142,56950,3188,,,,Phase 3,,
2021-03-31,34,0,60381,11,0,60171,165,7,0,30,0,33,1,0,1,1,36,165,56957,3192,,,,Phase 3,,
2021-04-01,26,0,60407,12,0,60183,178,8,0,30,0,26,0,0,0,1,37,178,56967,3194,,0,0,Phase 3,,
2021-04-02,43,0,60450,15,0,60198,204,10,0,30,0,43,0,0,0,1,39,204,56980,3196,,0,0,Phase 3,,
2021-04-03,18,0,60468,9,0,60207,212,11,0,30,0,17,1,0,1,1,40,212,56989,3196,,0,1,Phase 3,,
2021-04-04,10,0,60478,17,0,60224,206,10,0,30,0,10,0,0,0,1,39,206,57004,3198,,0,0,Phase 3,,
2021-04-05,17,0,60495,12,0,60236,205,16,0,30,0,17,0,0,0,1,45,205,57014,3200,,0,0,Phase 3,,
2021-04-06,24,0,60519,25,0,60261,202,18,0,30,0,24,0,0,0,1,47,202,57037,3202,,0,0,Phase 3,,
2021-04-07,35,0,60554,21,0,60282,218,16,0,30,0,34,1,0,1,1,45,218,57504,3206,,0,1,Phase 3,,
2021-04-08,21,0,60575,24,0,60306,218,13,0,30,0,21,0,0,0,1,42,218,57074,3210,,0,0,Phase 3,,
2021-04-09,26,0,60601,20,0,60326,223,14,0,30,0,26,0,0,0,1,43,223,57090,3214,,0,0,Phase 3,,
2021-04-10,32,0,60633,18,0,60344,236,15,0,30,0,31,1,0,1,1,44,236,57106,3216,,0,1,Phase 3,,
2021-04-11,20,0,60653,13,0,60357,230,28,0,30,0,19,1,1,0,1,57,230,57118,3217,,0,0,Phase 3,,
2021-04-12,25,0,60678,22,0,60379,235,26,0,30,0,25,0,0,0,1,55,235,57135,3222,,0,0,Phase 3,,
2021-04-13,14,0,60692,17,0,60396,227,31,0,30,0,14,0,0,0,1,60,227,57146,3228,,0,0,Phase 3,,
2021-04-14,27,0,60719,18,0,60414,236,31,0,30,0,26,1,0,1,2,59,236,57161,3231,,1,0,Phase 3,,
2021-04-15,16,0,60735,25,0,60439,231,27,0,30,0,16,0,0,0,2,55,231,57183,3234,,0,0,Phase 3,,
2021-04-16,34,0,60769,29,0,60468,242,21,0,30,0,32,2,0,2,2,49,242,57209,3237,,2,0,Phase 3,,
2021-04-17,39,0,60808,17,0,60485,253,32,0,30,0,35,4,0,4,2,60,253,57224,3239,,2,2,Phase 3,,
2021-04-18,23,0,60831,22,0,60507,248,38,0,30,0,22,1,0,1,2,66,248,57241,3244,,0,1,Phase 3,,
2021-04-19,20,0,60851,18,0,60525,239,49,0,30,0,19,1,0,1,1,78,239,57256,3247,,1,0,Phase 3,,
2021-04-20,14,0,60865,37,0,60562,221,44,0,30,0,13,1,1,0,1,73,221,57288,3252,,0,0,Phase 3,,
2021-04-21,15,0,60880,36,0,60598,204,40,0,30,0,14,1,0,1,1,69,204,57315,3261,,0,1,Phase 3,,
2021-04-22,24,0,60904,27,0,60625,204,37,0,30,0,22,2,1,1,1,66,204,57338,3265,,1,0,Phase 3,,
2021-04-23,39,0,60943,10,0,60635,220,50,0,30,0,36,3,1,2,1,79,220,57346,3267,,0,2,Phase 3,,
2021-04-24,23,0,60966,16,0,60651,219,58,0,30,0,18,5,0,5,1,87,219,57356,3273,,5,0,Phase 3,,
2021-04-25,40,0,61006,33,0,60684,220,64,0,30,0,40,0,0,0,1,93,220,57386,3276,,0,0,Phase 3,,
2021-04-26,45,0,61051,20,0,60704,230,79,0,30,0,43,2,1,1,0,109,230,57403,3279,,0,1,Phase 3,,
2021-04-27,12,0,61063,22,0,60726,221,78,0,30,0,11,1,0,1,0,108,221,57418,3286,,1,0,Phase 3,,
2021-04-28,23,0,61086,14,0,60740,226,82,0,30,0,20,3,0,3,0,112,226,57430,3288,,0,3,Phase 3,,
2021-04-29,35,0,61121,20,0,60760,243,80,0,30,0,19,16,0,16,0,110,243,57446,3292,,15,1,Phase 3,,
2021-04-30,24,0,61145,13,0,60773,251,83,0,30,0,15,9,0,9,0,113,251,57455,3296,,8,1,Phase 3,,
2021-05-01,34,0,61179,14,0,60787,272,81,1,31,0,25,9,2,7,0,112,272,57469,3296,,3,4,Phase 3,,
2021-05-02,39,0,61218,21,0,60808,275,96,0,31,0,25,14,0,14,0,126,275,57485,3301,,13,1,Phase 3,,
2021-05-03,17,0,61235,20,0,60828,267,101,0,31,0,7,10,0,10,0,131,267,57502,3304,,10,0,Phase 3,,
2021-05-04,17,0,61252,17,0,60845,267,101,0,31,0,12,5,0,5,2,129,267,57517,3306,,5,0,Phase 3,,
2021-05-05,16,0,61268,21,0,60866,262,101,0,31,0,15,1,0,1,2,129,262,57535,3309,,1,0,Phase 3,,
2021-05-06,18,0,61286,29,0,60895,262,90,0,31,0,16,2,0,2,1,119,262,57557,3316,,1,1,Phase 3,,
2021-05-07,25,0,61311,33,0,60928,236,108,0,31,0,21,4,0,4,2,136,236,57586,3320,,1,3,Phase 3,,
2021-05-08,20,0,61331,6,0,60934,255,103,0,31,0,13,7,0,7,2,131,255,57589,3323,,2,5,Phase 2,,
2021-05-09,28,0,61359,21,0,60955,262,103,0,31,0,18,10,0,10,2,131,262,57606,3327,,7,3,Phase 2,,
2021-05-10,19,0,61378,20,0,60975,259,105,0,31,0,16,3,0,3,3,132,259,57625,3328,,2,1,Phase 2,,
2021-05-11,25,0,61403,22,0,60997,253,114,0,31,0,12,13,0,13,3,141,253,57643,3332,,10,3,Phase 2,,
2021-05-12,16,0,61419,31,0,61028,239,113,0,31,0,6,10,0,10,3,140,239,57663,3343,,9,1,Phase 2,,
2021-05-13,34,0,61453,23,0,61051,243,120,0,31,0,10,24,0,24,3,147,243,57682,3347,,20,4,Phase 2,,
2021-05-14,52,0,61505,18,0,61069,247,150,0,31,0,28,24,0,24,3,177,247,57697,3350,,20,4,Phase 2,,
2021-05-15,31,0,61536,15,0,61084,253,160,0,31,0,12,19,0,19,3,187,253,57708,3354,,17,2,Phase 2,,
2021-05-16,49,0,61585,42,0,61126,243,177,0,31,0,11,38,0,38,2,205,243,57741,3363,,21,17,Phase 2 (Heightened Alert),,
2021-05-17,28,0,61613,19,0,61145,246,183,0,31,0,7,21,0,21,3,210,246,57754,3369,,10,11,Phase 2 (Heightened Alert),,
2021-05-18,38,0,61651,11,0,61156,266,190,0,31,0,11,27,0,27,5,215,266,57765,3369,,16,11,Phase 2 (Heightened Alert),,
2021-05-19,38,0,61689,49,0,61205,254,191,0,31,0,4,34,0,34,5,216,254,57807,3376,,30,4,Phase 2 (Heightened Alert),,
2021-05-20,41,0,61730,46,0,61251,229,210,1,32,0,14,27,0,27,4,236,229,57852,3377,,21,6,Phase 2 (Heightened Alert),,
2021-05-21,40,0,61770,13,0,61264,247,219,0,32,0,10,30,0,30,4,245,247,57861,3381,,22,8,Phase 2 (Heightened Alert),,
2021-05-22,29,0,61799,35,0,61299,235,225,0,32,0,7,22,0,22,5,250,235,57893,3384,,15,7,Phase 2 (Heightened Alert),,
2021-05-23,25,0,61824,17,0,61316,256,212,0,32,0,3,22,1,21,3,239,256,57903,3391,,19,2,Phase 2 (Heightened Alert),,
2021-05-24,36,0,61860,22,0,61338,268,214,0,32,0,12,24,0,24,3,241,268,57920,3396,,22,2,Phase 2 (Heightened Alert),,
2021-05-25,30,0,61890,13,0,61351,279,220,0,32,0,9,21,3,18,2,248,279,57932,3397,,12,6,Phase 2 (Heightened Alert),,
2021-05-26,26,0,61916,31,0,61382,282,212,0,32,0,2,24,1,23,2,240,282,57953,3407,,20,3,Phase 2 (Heightened Alert),,
2021-05-27,24,0,61940,12,0,61394,291,215,0,32,0,9,15,1,14,2,243,291,57965,3407,,12,2,Phase 2 (Heightened Alert),,
2021-05-28,30,0,61970,35,0,61429,290,211,0,32,0,15,15,0,15,3,238,290,57993,3414,,11,4,Phase 2 (Heightened Alert),,
2021-05-29,33,0,62003,16,0,61445,322,196,0,32,0,10,23,0,23,3,223,322,57997,3426,,19,4,Phase 2 (Heightened Alert),,
2021-05-30,25,0,62028,11,0,61456,339,192,1,33,0,6,19,0,19,3,219,339,58005,3429,,14,5,Phase 2 (Heightened Alert),,
2021-05-31,23,0,62051,25,0,61481,336,193,0,33,0,7,16,0,16,2,221,336,58021,3438,,13,3,Phase 2 (Heightened Alert),,
2021-06-01,18,0,62069,22,0,61503,338,187,0,33,0,3,15,0,15,2,215,338,58037,3444,,8,7,Phase 2 (Heightened Alert),,
2021-06-02,31,0,62100,42,0,61545,328,186,0,33,0,7,24,0,24,2,214,328,58069,3454,,19,5,Phase 2 (Heightened Alert),,
2021-06-03,45,0,62145,34,0,61579,324,201,0,33,0,10,35,0,35,2,229,324,58093,3464,,34,1,Phase 2 (Heightened Alert),,
2021-06-04,13,0,62158,23,0,61602,316,199,0,33,0,6,7,0,7,2,227,316,58110,3470,,6,1,Phase 2 (Heightened Alert),,
2021-06-05,18,0,62176,33,0,61635,323,177,0,33,0,5,13,0,13,2,205,323,58133,3480,,13,0,Phase 2 (Heightened Alert),,
2021-06-06,20,0,62196,22,0,61657,321,177,0,33,0,14,6,0,6,2,205,321,58145,3490,,5,1,Phase 2 (Heightened Alert),,
2021-06-07,14,0,62210,25,0,61682,313,174,0,33,0,9,5,0,5,2,202,313,58166,3494,,5,0,Phase 2 (Heightened Alert),,
2021-06-08,9,0,62219,42,0,61724,296,157,1,34,0,5,4,1,3,2,185,296,58197,3505,8,1,3,Phase 2 (Heightened Alert),,
2021-06-09,4,0,62223,38,0,61762,291,128,0,34,0,2,2,0,2,1,157,291,58231,3509,10,1,1,Phase 2 (Heightened Alert),,
2021-06-10,13,0,62236,25,0,61787,287,120,0,34,0,9,4,0,4,1,149,287,58251,3514,9,2,2,Phase 2 (Heightened Alert),,
2021-06-11,9,0,62245,34,0,61821,279,103,0,34,0,6,3,0,3,1,132,279,58272,3527,7,0,3,Phase 2 (Heightened Alert),,
2021-06-12,18,0,62263,39,0,61860,266,95,0,34,0,9,9,0,9,1,124,266,58301,3537,8,4,5,Phase 2 (Heightened Alert),,
2021-06-13,13,0,62276,31,0,61891,243,100,0,34,0,3,10,0,10,1,129,243,58323,3546,8,8,2,Phase 2 (Heightened Alert),,
2021-06-14,25,0,62301,25,0,61916,235,108,0,34,0,6,19,1,18,2,136,235,58341,3553,10,18,1,Phase 3 (Heightened Alert),,
2021-06-15,14,0,62315,17,0,61933,233,107,0,34,0,0,14,0,14,2,135,233,58351,3560,10,10,4,Phase 3 (Heightened Alert),,
2021-06-16,24,0,62339,20,0,61953,228,116,0,34,0,5,19,0,19,1,145,228,58366,3565,9,16,3,Phase 3 (Heightened Alert),,
2021-06-17,27,0,62366,29,0,61982,221,121,0,34,0,7,20,0,20,1,150,221,58388,3572,12,19,1,Phase 3 (Heightened Alert),,
2021-06-18,16,0,62382,27,0,62009,209,122,0,34,0,2,14,0,14,1,151,209,58409,3578,9,10,4,Phase 3 (Heightened Alert),,
2021-06-19,21,0,62403,36,0,62045,193,123,0,34,0,7,14,0,14,1,152,193,58438,3585,7,10,4,Phase 3 (Heightened Alert),,
2021-06-20,11,0,62414,19,0,62064,196,112,0,34,0,2,9,0,9,1,141,196,58450,3592,5,4,5,Phase 3 (Heightened Alert),,
2021-06-21,16,0,62430,28,0,62092,191,104,1,35,0,3,13,0,13,0,134,191,58459,3611,7,10,3,Phase 3 (Heightened Alert),,
2021-06-22,18,0,62448,28,0,62120,173,112,0,35,0,3,15,0,15,2,140,173,58486,3612,11,10,5,Phase 3 (Heightened Alert),,
2021-06-23,22,0,62470,15,0,62135,181,111,0,35,0,9,13,0,13,5,136,181,58496,3617,13,10,3,Phase 3 (Heightened Alert),,
2021-06-24,23,0,62493,27,0,62162,182,106,0,35,0,9,14,0,14,4,132,182,58517,3623,11,12,2,Phase 3 (Heightened Alert),,
2021-06-25,20,0,62513,21,0,62183,178,109,0,35,0,5,15,0,15,4,135,178,58532,3629,14,12,3,Phase 3 (Heightened Alert),,
2021-06-26,17,0,62530,20,0,62203,170,113,1,36,0,4,13,0,13,4,139,170,58543,3638,13,9,4,Phase 3 (Heightened Alert),,
2021-06-27,14,0,62544,14,0,62217,165,118,0,36,0,2,12,0,12,4,144,165,58555,3640,12,11,1,Phase 3 (Heightened Alert),,
2021-06-28,9,0,62553,17,0,62234,170,105,0,36,0,5,4,0,4,3,132,170,58570,3642,12,4,0,Phase 3 (Heightened Alert),,
2021-06-29,10,0,62563,7,0,62241,179,99,0,36,0,5,5,0,5,3,126,179,58576,3643,11,5,0,Phase 3 (Heightened Alert),,
2021-06-30,16,0,62579,9,0,62250,182,103,0,36,0,11,5,0,5,4,129,182,58584,3644,8,5,0,Phase 3 (Heightened Alert),,
2021-07-01,10,0,62589,6,0,62256,192,97,0,36,0,6,4,0,4,3,124,192,58589,3645,9,4,0,Phase 3 (Heightened Alert),5485548,3376297
2021-07-02,10,0,62599,16,0,62272,194,89,0,36,0,7,3,0,3,2,117,194,58601,3649,9,2,1,Phase 3 (Heightened Alert),5551613,3426468
2021-07-03,7,0,62606,15,0,62287,192,83,0,36,0,3,4,0,4,2,111,192,58614,3651,9,4,0,Phase 3 (Heightened Alert),5630805,3489146
2021-07-04,11,0,62617,21,0,62308,192,73,0,36,0,10,1,0,1,2,101,192,58629,3657,10,0,1,Phase 3 (Heightened Alert),5706932,3550181
2021-07-05,13,0,62630,13,0,62321,193,72,0,36,0,7,6,0,6,3,99,193,58636,3663,10,4,2,Phase 3 (Heightened Alert),5780703,3608688
2021-07-06,10,0,62640,14,0,62335,192,69,0,36,0,8,2,1,1,3,96,192,58647,3666,8,0,2,Phase 3 (Heightened Alert),5858571,3670862
2021-07-07,12,0,62652,28,0,62363,185,60,0,36,0,7,5,0,5,3,87,185,58669,3672,7,3,2,Phase 3 (Heightened Alert),5933179,3729907
2021-07-08,16,0,62668,22,0,62385,185,54,0,36,0,13,3,0,3,2,82,185,58687,3676,10,1,2,Phase 3 (Heightened Alert),6009699,3787801
2021-07-09,10,0,62678,11,0,62396,183,55,0,36,0,9,1,0,1,2,83,183,58698,3676,8,0,1,Phase 3 (Heightened Alert),6083907,3843179
2021-07-10,6,0,62684,23,0,62419,175,46,0,36,0,6,0,0,0,2,74,175,58717,3680,7,0,0,Phase 3 (Heightened Alert),6163124,3895149
2021-07-11,8,0,62692,17,0,62436,165,47,0,36,0,7,1,0,1,2,75,165,58728,3686,6,0,1,Phase 3 (Heightened Alert),6237197,3942515
2021-07-12,26,0,62718,18,0,62454,170,50,0,36,0,18,8,0,8,2,78,170,58744,3688,6,5,3,Phase 3 (Heightened Alert),6304415,3981886
2021-07-13,26,0,62744,21,0,62475,161,64,0,36,0,7,19,0,19,2,92,161,58761,3692,7,15,4,Phase 3 (Heightened Alert),6378063,4022809
2021-07-14,60,0,62804,14,0,62489,176,95,0,36,0,4,56,0,56,1,124,176,58773,3694,8,52,4,Phase 3 (Heightened Alert),6440735,4052434
2021-07-15,48,0,62852,14,0,62503,155,150,0,36,0,6,42,0,42,1,179,155,58783,3698,7,38,4,Phase 3 (Heightened Alert),6504568,4075822
2021-07-16,61,0,62913,17,0,62520,195,154,0,36,0,8,53,0,53,1,183,195,58794,3704,7,48,5,Phase 3 (Heightened Alert),6570666,4096705
2021-07-17,68,0,62981,14,0,62534,237,166,0,36,0,8,60,0,60,1,195,237,58805,3707,5,58,2,Phase 3 (Heightened Alert),6650677,4118334
2021-07-18,92,0,63073,14,0,62548,268,213,0,36,0,4,88,1,87,1,242,268,58813,3713,5,78,10,Phase 3 (Heightened Alert),6726540,4136551
2021-07-19,172,0,63245,6,0,62554,388,259,0,36,0,9,163,0,163,1,288,388,58816,3716,5,146,17,Phase 3 (Heightened Alert),6794394,4153143
2021-07-20,195,0,63440,11,0,62565,529,302,0,36,0,13,182,0,182,1,331,529,58826,3717,5,156,26,Phase 3 (Heightened Alert),6837200,4164922
2021-07-21,181,0,63621,17,0,62582,646,349,0,36,0,2,179,0,179,1,378,646,58837,3723,7,149,30,Phase 3 (Heightened Alert),6837539,4165024
2021-07-22,170,0,63791,16,0,62598,764,385,0,36,0,8,162,3,159,1,414,764,58852,3724,7,110,52,Phase 2 (Heightened Alert),6911740,4184559
2021-07-23,133,0,63924,11,0,62609,854,417,0,36,0,3,130,0,130,2,445,854,58860,3727,11,101,29,Phase 2 (Heightened Alert),6978317,4201110
2021-07-24,130,0,64054,8,0,62617,932,460,1,37,0,3,127,1,126,1,489,932,58867,3728,12,98,29,Phase 2 (Heightened Alert),7060589,4217627
2021-07-25,125,0,64179,10,0,62627,1013,494,0,37,0,8,117,1,116,2,522,1013,58874,3731,12,79,38,Phase 2 (Heightened Alert),7130781,4230379
2021-07-26,135,0,64314,12,0,62639,1109,521,0,37,0,6,129,1,128,2,549,1109,58884,3733,18,101,28,Phase 2 (Heightened Alert),7192180,4242505
2021-07-27,139,0,64453,20,0,62659,1234,515,0,37,0,3,136,8,128,2,543,1234,58899,3738,21,81,55,Phase 2 (Heightened Alert),7256331,4254789
2021-07-28,136,0,64589,26,0,62685,1322,537,0,37,0,6,130,3,127,2,565,1322,58916,3747,23,82,48,Phase 2 (Heightened Alert),7305300,4267577
2021-07-29,133,0,64722,16,0,62701,1434,542,0,37,0,4,129,3,126,3,569,1434,58926,3753,30,79,50,Phase 2 (Heightened Alert),7365873,4278760
2021-07-30,139,0,64861,54,0,62755,1520,541,0,37,0,8,131,4,127,7,564,1520,58972,3761,26,79,52,Phase 2 (Heightened Alert),7429918,4290278
2021-07-31,120,0,64981,130,0,62885,1477,574,0,37,0,3,117,1,116,7,597,1477,59096,3767,33,75,42,Phase 2 (Heightened Alert),7504554,4299667
2021-08-01,121,0,65102,94,0,62979,1518,560,0,37,0,8,113,4,109,8,582,1518,59162,3795,35,75,38,Phase 2 (Heightened Alert),7576612,4307602
2021-08-02,111,0,65213,76,0,63055,1540,572,1,38,0,5,106,4,102,7,595,1540,59226,3807,36,81,25,Phase 2 (Heightened Alert),7638279,4313182
2021-08-03,102,0,65315,219,0,63274,1433,562,0,38,0,4,98,6,92,7,585,1433,59420,3832,37,67,31,Phase 2 (Heightened Alert),7703746,4321223
2021-08-04,95,0,65410,105,0,63379,1459,525,1,39,0,3,92,6,86,7,548,1459,59507,3850,42,62,30,Phase 2 (Heightened Alert),7767442,4329956
2021-08-05,98,0,65508,100,0,63479,1434,547,1,40,0,2,96,5,91,8,569,1434,59592,3865,40,58,38,Phase 2 (Heightened Alert),7831520,4337397
2021-08-06,97,0,65605,79,0,63558,1482,516,1,41,0,4,93,18,75,7,539,1482,59654,3882,38,64,29,Phase 2 (Heightened Alert),7897570,4344183
2021-08-07,81,0,65686,122,0,63680,1457,499,1,42,0,6,75,19,56,4,525,1457,59752,3906,38,59,16,Phase 2 (Heightened Alert),7971889,4351541
2021-08-08,78,0,65764,200,0,63880,1322,512,0,42,0,5,73,4,69,8,534,1322,59937,3921,37,52,21,Phase 2 (Heightened Alert),8042596,4359495
2021-08-09,72,0,65836,204,0,64084,1205,497,0,42,0,3,69,12,57,10,517,1205,60112,3950,35,49,20,Phase 2 (Heightened Alert),8103735,4367061
2021-08-10,54,0,65890,90,0,64174,1188,478,0,42,0,1,53,6,47,11,497,1188,60179,3973,32,38,15,Preparatory Stage,8145237,4373550
2021-08-11,63,0,65953,141,0,64315,1109,478,1,43,0,2,61,8,53,8,500,1109,60304,3989,35,44,17,Preparatory Stage,8193151,4383631
2021-08-12,59,0,66012,87,0,64402,1119,440,0,43,0,0,59,4,55,9,461,1119,60365,4015,36,40,19,Preparatory Stage,8241298,4393708
2021-08-13,49,0,66061,157,0,64559,992,458,1,44,0,4,45,2,43,10,478,992,60505,4032,30,32,13,Preparatory Stage,8286283,4402608
2021-08-14,58,0,66119,132,0,64691,955,421,0,44,0,1,57,4,53,9,442,955,60603,4066,26,40,17,Preparatory Stage,8343303,4413484
2021-08-15,53,0,66172,123,0,64814,893,413,0,44,0,3,50,4,46,8,435,893,60700,4092,32,36,14,Preparatory Stage,8399585,4424312
2021-08-16,53,0,66225,110,0,64924,853,396,0,44,0,5,48,14,34,7,419,853,60789,4113,33,39,9,Preparatory Stage,8438233,4432081
2021-08-17,56,0,66281,160,0,65084,770,374,1,45,0,4,52,14,38,6,398,770,60924,4138,30,38,14,Preparatory Stage,8464972,4440268
2021-08-18,53,0,66334,90,0,65174,734,372,1,46,0,4,49,2,47,6,396,734,60997,4155,26,30,19,Preparatory Stage,8486232,4447250
2021-08-19,32,0,66366,90,0,65264,687,361,0,46,0,3,29,0,29,8,383,687,61058,4184,29,16,13,Preparatory Stage,8507687,4453578
2021-08-20,40,0,66406,160,0,65424,577,350,1,47,0,4,36,2,34,7,373,577,61198,4204,27,22,14,Preparatory Stage,8526565,4459200
2021-08-21,37,0,66443,126,0,65550,504,334,0,47,0,5,32,0,32,7,357,504,61293,4235,22,16,16,Preparatory Stage,8553434,4467533
2021-08-22,35,0,66478,73,0,65623,482,316,2,49,0,6,29,3,26,7,339,482,61348,4253,22,12,17,Preparatory Stage,8575608,4475214
2021-08-23,98,0,66576,99,0,65722,490,306,1,50,0,4,94,60,34,7,329,490,61417,4283,21,75,19,Preparatory Stage,8588011,4477965
2021-08-24,116,0,66692,72,0,65794,531,309,0,50,0,5,111,23,88,7,332,531,61475,4297,20,78,33,Preparatory Stage,8605217,4482282
2021-08-25,120,0,66812,53,0,65847,585,320,2,52,0,2,118,26,92,7,343,585,61509,4316,19,89,29,Preparatory Stage,8619767,4486367
2021-08-26,116,0,66928,84,0,65931,624,313,0,52,0,4,112,13,99,7,336,624,61562,4347,17,88,24,Preparatory Stage,8633769,4490780
2021-08-27,122,0,67050,59,0,65990,658,339,3,55,0,2,120,7,113,6,363,658,61611,4357,13,94,26,Preparatory Stage,8647565,4494681
2021-08-28,121,0,67171,54,0,66044,705,359,0,55,0,8,113,14,99,6,383,705,61648,4374,16,84,29,Preparatory Stage,8667278,4500430
2021-08-29,133,0,67304,70,0,66114,743,384,0,55,0,9,124,15,109,6,408,743,61697,4395,14,90,34,Preparatory Stage,8684484,4505072
2021-08-30,155,0,67459,40,0,66154,831,411,0,55,0,8,147,24,123,5,436,831,61716,4416,19,95,52,Preparatory Stage,8695034,4507685
2021-08-31,161,0,67620,42,0,66196,928,433,0,55,0,5,156,20,136,5,458,928,61743,4431,19,77,79,Preparatory Stage,8708760,4511747
2021-09-01,180,0,67800,48,0,66244,1024,469,0,55,0,3,177,11,166,5,494,1024,61781,4441,22,87,90,Preparatory Stage,8722819,4515469
2021-09-02,191,0,67991,90,0,66334,1096,498,0,55,0,4,187,11,176,5,523,1096,61849,4463,27,74,113,Preparatory Stage,8735507,4518968
2021-09-03,219,0,68210,56,0,66390,1207,550,0,55,0,3,216,6,210,5,575,1207,61890,4478,20,107,109,Preparatory Stage,8747866,4522530
2021-09-04,259,0,68469,144,0,66534,1294,578,0,55,0,6,253,7,246,5,603,1294,61993,4519,22,137,116,Preparatory Stage,8765482,4527338
2021-09-05,191,0,68660,88,0,66622,1352,623,0,55,0,5,186,11,175,5,648,1352,62065,4535,24,96,90,Preparatory Stage,8783111,4531281
2021-09-06,241,0,68901,119,0,66741,1490,607,0,55,0,6,235,20,215,6,631,1490,62151,4568,21,125,110,Preparatory Stage,8794457,4533475
2021-09-07,332,0,69233,148,0,66889,1668,613,0,55,0,4,328,28,300,6,637,1668,62274,4593,24,143,185,Preparatory Stage,8804737,4536986
2021-09-08,349,0,69582,345,0,67234,1650,634,1,56,0,2,347,18,329,6,658,1650,62595,4617,23,,,Preparatory Stage,8813966,4540422
2021-09-09,457,0,70039,221,0,67455,1885,634,1,57,0,7,450,31,419,7,657,1885,62716,4717,26,,,Preparatory Stage,8823534,4544155
2021-09-10,573,0,70612,334,0,67789,2098,659,1,58,0,5,568,108,460,6,683,2098,62977,4790,25,,,Preparatory Stage,8832468,4547903
2021-09-11,555,0,71167,221,0,68010,2413,678,1,58,0,5,550,64,486,7,701,2413,63161,4827,35,,,Preparatory Stage,8846497,4551854
2021-09-12,520,0,71687,200,0,68210,2661,750,0,58,0,3,517,63,454,7,773,2661,63313,4875,54,,,Preparatory Stage,8859168,4554718
2021-09-13,607,0,72294,247,0,68457,3027,744,0,58,0,10,597,63,534,8,766,3027,63495,4940,57,,,Preparatory Stage,8867170,4556377
2021-09-14,837,0,73131,165,0,68622,3664,779,0,58,0,5,832,77,755,9,800,3664,63581,5019,75,,,Preparatory Stage,8874365,4558863
2021-09-15,807,0,73938,277,0,68899,4181,792,0,58,0,3,804,34,770,9,813,4181,63781,5096,76,,,Preparatory Stage,8881071,4561574
2021-09-16,910,0,74848,374,0,69273,4701,807,1,59,0,4,906,103,803,12,825,4701,64079,5172,77,,,Preparatory Stage,8892684,4564676
2021-09-17,935,0,75783,363,0,69636,5297,783,0,59,0,1,934,96,838,14,799,5297,64346,5268,90,,,Preparatory Stage,8903190,4568101
2021-09-18,1009,0,76792,510,0,70146,5745,833,1,60,0,5,1004,78,926,18,845,5745,64790,5334,105,,,Preparatory Stage,8922035,4571939
2021-09-19,1012,0,77804,476,0,70622,6271,843,0,60,0,3,1009,90,919,21,852,6271,65202,5398,118,,,Preparatory Stage,8944060,4574522
2021-09-20,917,0,78721,487,0,71109,6517,1025,2,62,0,7,910,78,832,18,1037,6517,65648,5439,128,,,Preparatory Stage,8957327,4575856
2021-09-21,1178,0,79899,541,0,71650,7097,1079,3,65,0,5,1173,135,1038,17,1092,7097,66079,5549,147,,,Preparatory Stage,8976010,4578704
2021-09-22,1457,0,81356,462,0,72112,8115,1053,3,68,0,4,1453,176,1277,19,1064,8115,66489,5601,145,,,Preparatory Stage,8990844,4582020
2021-09-23,1504,0,82860,321,0,72433,9259,1090,2,70,0,13,1491,273,1218,23,1097,9259,66705,5706,163,,,Preparatory Stage,9012036,4584600
2021-09-24,1650,0,84510,984,0,73417,9950,1062,3,73,0,4,1646,277,1369,23,1069,9950,67632,5763,162,,,Preparatory Stage,9034630,4586889
2021-09-25,1443,0,85953,740,0,74157,10600,1112,3,76,0,19,1424,371,1053,27,1115,10600,68308,5827,165,,,Preparatory Stage,9066237,4590002
2021-09-26,1939,0,87892,517,0,74674,11959,1173,2,78,0,5,1934,398,1536,30,1173,11959,68778,5874,172,,,Stabilisation Phase,9095290,4591847
2021-09-27,1647,0,89539,524,0,75198,12995,1258,2,80,0,5,1642,362,1280,27,1261,12995,69261,5915,194,,,Stabilisation Phase,9114751,4592993
2021-09-28,2236,0,91775,1045,0,76243,14144,1295,5,85,0,10,2226,515,1711,30,1295,14144,70236,5985,209,,,Stabilisation Phase,9128419,4593439
2021-09-29,2268,0,94043,1086,0,77329,15308,1305,8,93,0,10,2258,448,1810,34,1301,15308,71238,6069,197,,,Stabilisation Phase,9157529,4593717
2021-09-30,2478,0,96521,867,0,78196,16892,1330,2,95,0,4,2474,452,2022,34,1326,16892,72047,6127,204,,,Stabilisation Phase,9183076,4593801
2021-10-01,2909,0,99430,950,0,79146,18847,1326,8,103,0,12,2897,818,2079,34,1322,18847,72859,6265,222,,,Stabilisation Phase,9204856,4594491
2021-10-02,2356,0,101786,1603,0,80749,19530,1392,4,107,0,6,2350,412,1938,31,1391,19530,74353,6374,243,,,Stabilisation Phase,9235990,4594688
2021-10-03,2057,0,103843,1199,0,81948,20467,1307,6,113,0,8,2049,373,1676,35,1302,20467,75483,6443,250,,,Stabilisation Phase,9262396,4594812
2021-10-04,2475,0,106318,2540,0,84488,20376,1325,8,121,0,15,2460,601,1859,35,1320,20376,77972,6494,226,,,Stabilisation Phase,9284447,4594926
2021-10-05,3486,0,109804,1745,0,86233,21951,1482,9,130,0,6,3480,713,2767,34,1478,21951,79593,6618,247,,,Stabilisation Phase,9310419,4595012
2021-10-06,3577,0,113381,2899,0,89132,22618,1490,3,133,0,15,3562,630,2932,37,1483,22618,82340,6770,255,,,Stabilisation Phase,9335067,4595196
2021-10-07,3483,0,116864,3445,0,92577,22639,1504,3,136,0,8,3475,692,2783,40,1494,22639,85647,6908,297,,,Stabilisation Phase,9355632,4595270
2021-10-08,3590,0,120454,2454,0,95031,23739,1534,6,142,0,0,3590,765,2825,41,1523,23739,87951,7058,307,,,Stabilisation Phase,9374827,4597008
2021-10-09,3703,0,124157,3019,0,98050,24407,1539,11,153,0,3,3700,832,2868,40,1529,24407,90831,7197,302,,,Stabilisation Phase,9401855,4599302
2021-10-10,2809,0,126966,2469,0,100519,24694,1583,9,162,0,2,2807,631,2176,41,1572,24694,93200,7297,292,,,Stabilisation Phase,9426896,4601688
2021-10-11,2263,0,129229,2249,0,102768,24613,1668,10,172,0,8,2255,306,1949,42,1656,24613,95329,7417,308,,,Stabilisation Phase,9457764,4603882
2021-10-12,2976,0,132205,2110,0,104878,25547,1589,11,183,0,4,2972,251,2721,42,1577,25547,97259,7597,291,,,Stabilisation Phase,9490422,4606968
2021-10-13,3190,0,135395,3215,0,108093,25625,1477,9,192,0,6,3184,498,2686,46,1461,25625,100347,7724,300,,,Stabilisation Phase,9518022,4609566
2021-10-14,2932,0,138327,3427,0,111520,25111,1481,15,207,0,3,2929,517,2412,46,1465,25111,103616,7882,310,,,Stabilisation Phase,9541594,4611766
2021-10-15,3445,0,141772,3284,0,114804,25182,1563,8,215,0,2,3443,620,2823,48,1545,25182,106741,8041,322,,,Stabilisation Phase,9563625,4613735
2021-10-16,3348,0,145120,3429,0,118233,25221,1434,9,224,0,4,3344,656,2688,62,1402,25221,110034,8177,310,,,Stabilisation Phase,9598504,4616536
2021-10-17,3058,0,148178,3754,0,121987,24329,1621,9,233,0,3,3055,601,2454,66,1585,24329,113680,8285,327,,,Stabilisation Phase,9626233,4618780
2021-10-18,2553,0,150731,3071,0,125058,23742,1684,6,239,0,1,2552,544,2008,67,1647,23742,116674,8362,337,,,Stabilisation Phase,9640810,4620212
2021-10-19,3994,0,154725,2535,0,127593,25170,1708,7,246,0,13,3981,501,3480,71,1667,25170,119070,8501,338,,,Stabilisation Phase,9662027,4622432
2021-10-20,3862,0,158587,2715,0,130308,26319,1688,18,264,0,11,3851,630,3221,67,1651,26319,121624,8662,337,,,Stabilisation Phase,9683226,4623926
2021-10-21,3439,0,162026,2606,0,132914,27241,1583,16,280,0,2,3437,500,2937,61,1552,27241,124055,8837,346,,,Stabilisation Phase,9701329,4625367
2021-10-22,3637,0,165663,2825,0,135739,28043,1579,14,294,0,6,3631,592,3039,57,1552,28043,126750,8967,338,,,Stabilisation Phase,9722320,4626787
2021-10-23,3598,0,169261,3512,0,139251,28052,1650,6,300,0,4,3594,790,2804,58,1622,28052,130107,9122,360,,,Stabilisation Phase,9752204,4628321
2021-10-24,3383,0,172644,3369,0,142620,27993,1708,15,315,0,8,3375,667,2708,58,1680,27993,133342,9256,375,,,Stabilisation Phase,9773881,4629597
2021-10-25,3174,0,175818,2954,0,145574,28158,1749,14,329,0,9,3165,322,2843,64,1715,28158,136237,9315,368,,,Stabilisation Phase,9786082,4630558
2021-10-26,3277,0,179095,2856,0,148430,28561,1757,10,339,0,5,3272,288,2984,67,1720,28561,138924,9484,368,,,Stabilisation Phase,10003952,4731066
2021-10-27,5324,0,184419,3172,0,151602,30713,1747,10,349,0,12,5312,661,4651,66,1711,30713,141918,9662,384,,,Stabilisation Phase,10029148,4733014
2021-10-28,3432,0,187851,4348,0,155950,29827,1702,15,364,0,9,3423,252,3171,61,1671,29827,145992,9936,369,,,Stabilisation Phase,10049015,4734669
2021-10-29,4248,0,192099,3011,0,158961,31166,1584,16,380,0,2,4246,536,3710,59,1555,31166,148921,10018,337,,,Stabilisation Phase,,
2021-10-30,3112,0,195211,3912,0,162873,30339,1597,14,394,0,4,3108,500,2608,60,1567,30339,152479,10372,336,,,Stabilisation Phase,,
2021-10-31,3163,0,198374,3759,0,166632,29685,1642,13,407,0,4,3159,414,2745,61,1611,29685,156104,10506,353,,,Stabilisation Phase,,
2021-11-01,2470,0,200844,3552,0,170184,28544,1687,14,421,0,3,2467,278,2189,62,1655,28544,159543,10619,355,,,Stabilisation Phase,,
2021-11-02,3496,0,204340,3006,0,173190,29032,1680,9,430,0,3,3493,141,3352,64,1646,29032,162337,10831,382,,,Stabilisation Phase,,
2021-11-03,3635,0,207975,3340,0,176530,29360,1635,12,442,0,3,3632,409,3223,69,1596,29360,165486,11022,365,,,Stabilisation Phase,,
2021-11-04,3003,0,210978,5087,0,181617,27241,1653,17,459,0,3,3000,220,2780,72,1611,27241,170398,11197,352,,,Stabilisation Phase,,
2021-11-05,1767,0,212745,3657,0,185274,25356,1639,9,468,0,8,1759,120,1639,70,1599,25356,173936,11316,352,,,Stabilisation Phase,,
2021-11-06,3035,0,215780,3871,0,189145,24511,1636,12,480,0,5,3030,102,2928,74,1592,24511,177614,11509,364,,,Stabilisation Phase,,
2021-11-07,2553,0,218333,2926,0,192071,24133,1624,17,497,0,5,2548,205,2343,64,1590,24133,180390,11659,366,,,Stabilisation Phase,,
2021-11-08,2470,0,220803,3216,0,195287,23302,1695,14,511,0,7,2463,156,2307,67,1658,23302,183469,11796,363,,,Stabilisation Phase,,
2021-11-09,3397,0,224200,2834,0,198121,23878,1670,12,523,0,6,3391,169,3222,72,1628,23878,186113,11986,368,,,Stabilisation Phase,,
2021-11-10,3481,0,227681,2495,0,200616,24861,1656,17,540,0,8,3473,229,3244,75,1611,24861,188443,12151,323,,,Stabilisation Phase,,
2021-11-11,2396,0,230077,4410,0,205026,22915,1580,8,548,0,17,2379,136,2243,70,1540,22915,192656,12348,329,,,Stabilisation Phase,,
2021-11-12,3099,0,233176,2979,0,208005,23015,1586,14,562,0,6,3093,128,2965,75,1541,23015,195476,12507,311,,,Stabilisation Phase,,
2021-11-13,2304,0,235480,2538,0,210543,22809,1544,14,576,0,5,2299,120,2179,72,1502,22809,197865,12656,304,,,Stabilisation Phase,,
2021-11-14,1723,0,237203,2203,0,212746,22368,1495,10,586,0,6,1717,66,1651,69,1456,22368,199916,12808,294,,,Stabilisation Phase,,
2021-11-15,2069,0,239272,3270,0,216016,21151,1503,8,594,0,4,2065,101,1964,72,1461,21151,203075,12919,306,,,Stabilisation Phase,,
2021-11-16,2069,0,241341,2361,0,218377,20873,1471,18,612,0,5,2064,43,2021,68,1433,20873,205319,13036,288,,,Stabilisation Phase,,
2021-11-17,3474,0,244815,2555,0,220932,21818,1438,7,619,0,10,3464,144,3320,64,1404,21818,207723,13187,290,,,Stabilisation Phase,,
2021-11-18,2038,0,246853,3772,0,224704,20111,1405,6,625,0,7,2031,67,1964,60,1375,20111,,,279,,,Stabilisation Phase,,
2021-11-19,1734,0,248587,2874,0,227578,19044,1316,16,641,0,4,1730,97,1633,64,1282,19044,214070,13486,248,,,Stabilisation Phase,,
2021-11-20,1931,0,250518,2533,0,230111,18408,1337,13,654,0,6,1925,58,1867,60,1307,18408,216493,13596,239,,,Stabilisation Phase,,
2021-11-21,1670,0,252188,2640,0,232751,17435,1332,8,662,0,13,1657,80,1577,60,1302,17435,219046,13683,230,,,Stabilisation Phase,,
2021-11-22,1461,0,253649,2127,0,234878,16705,1391,5,667,0,6,1455,40,1415,62,1359,16705,221091,13765,234,,,Transition Phase,,
2021-11-23,1782,0,255431,1778,0,236656,16736,1359,5,672,0,7,1775,21,1754,64,1325,16736,222732,13902,233,,,Transition Phase,,
2021-11-24,2079,0,257510,2275,0,238931,16558,1335,6,678,0,9,2070,40,2030,59,1306,16558,224878,14031,237,,,Transition Phase,,
2021-11-25,1275,0,258785,3223,0,242154,14721,1221,3,681,0,16,1259,31,1228,55,1196,14721,227925,14207,237,,,Transition Phase,,
2021-11-26,1090,0,259875,2233,0,244387,13593,1203,3,684,0,4,1086,22,1064,52,1181,13593,230040,14325,247,,,Transition Phase,,
2021-11-27,1761,0,261636,1897,0,246284,13523,1131,6,690,0,9,1752,63,1689,58,1103,13523,231807,14455,220,,,Transition Phase,,
2021-11-28,747,0,262383,2061,0,248345,12212,1117,11,701,0,3,744,25,719,55,1092,12212,233798,14525,237,,,Transition Phase,,
2021-11-29,1103,0,263486,1811,0,250156,11484,1128,9,710,0,8,1095,25,1070,62,1096,11484,235566,14568,238,,,Transition Phase,,
2021-11-30,1239,0,264725,1399,0,251555,11361,1083,8,718,0,22,1217,24,1193,65,1048,11361,236854,14679,229,,,Transition Phase,,
2021-12-01,1324,0,266049,1535,0,253090,11201,1024,8,726,0,13,1311,45,1266,61,993,11201,238294,14774,222,,,Transition Phase,,
2021-12-02,1101,0,267150,2056,0,255146,10300,961,9,735,0,10,1091,41,1050,60,931,10300,240255,14869,203,,,Transition Phase,,
2021-12-03,766,0,267916,1393,0,256539,9724,901,9,744,0,17,749,11,738,50,881,9724,241559,14958,196,,,Transition Phase,,
2021-12-04,743,0,268659,1521,0,258060,8982,863,2,746,0,12,731,24,707,54,839,8982,242999,15039,183,,,Transition Phase,,
2021-12-05,552,0,269211,1518,0,259578,8033,833,13,759,0,15,537,14,523,52,811,8033,244451,15105,161,,,Transition Phase,,
2021-12-06,662,0,269873,1198,0,260776,7506,820,4,763,0,11,651,13,638,47,803,7506,245615,15139,148,,,Transition Phase,,
2021-12-07,715,0,270588,884,0,261660,7352,797,8,771,0,10,705,5,700,43,784,7352,246446,15192,158,,,Transition Phase,,
2021-12-08,709,0,271297,1113,0,262773,6988,754,3,774,0,10,699,20,679,40,744,6988,247495,15256,149,,,Transition Phase,,
2021-12-09,682,0,271979,1474,0,264247,6309,636,5,779,0,17,665,16,649,40,626,6309,248827,15398,122,,,Transition Phase,,
2021-12-10,454,0,272433,1017,0,265264,5771,607,4,783,0,14,440,4,436,40,597,5771,249786,15456,126,,,Transition Phase,,
2021-12-11,559,0,272992,956,0,266220,5406,569,6,789,0,21,538,6,532,32,567,5406,250686,15512,120,,,Transition Phase,,
2021-12-12,370,0,273362,830,0,267050,4948,562,5,794,0,11,359,4,355,30,562,4948,251490,15538,107,,,Transition Phase,,
2021-12-13,339,0,273701,669,0,267719,4631,545,4,798,0,15,324,6,318,30,545,4631,252131,15566,90,,,Transition Phase,,
2021-12-14,442,0,274143,603,0,268322,4491,518,6,804,0,33,409,8,401,31,517,4491,252703,15597,78,,,Transition Phase,,
2021-12-15,474,0,274617,636,0,268958,4357,487,3,807,0,22,452,10,442,28,489,4357,253299,15637,72,,,Transition Phase,,
2021-12-16,355,0,274972,847,0,269805,3877,474,1,808,0,31,324,9,315,30,474,3877,254089,15694,72,,,Transition Phase,,
2021-12-17,412,0,275384,570,0,270375,3741,451,1,809,0,35,377,6,371,33,448,3741,254597,15756,62,,,Transition Phase,,
2021-12-18,271,0,275655,501,0,270876,3525,436,1,810,0,44,227,6,221,30,436,3525,255045,15809,65,,,Transition Phase,,
2021-12-19,255,0,275910,503,0,271379,3244,466,3,813,0,67,188,6,182,29,467,3244,255530,15827,69,,,Transition Phase,,
2021-12-20,195,0,276105,396,0,271775,3031,476,2,815,0,49,146,5,141,29,477,3031,255911,15842,64,,,Transition Phase,,
2021-12-21,280,0,276385,428,0,272203,2931,426,2,817,0,54,226,5,221,26,430,2931,256314,15867,57,,,Transition Phase,,
2021-12-22,335,0,276720,494,0,272697,2799,398,1,818,0,76,259,14,245,23,405,2799,256784,15891,59,,,Transition Phase,,
2021-12-23,322,0,277042,417,0,273114,2711,389,2,820,0,89,233,7,226,20,399,2711,257179,15913,56,,,Transition Phase,,
2021-12-24,265,0,277307,388,0,273502,2594,383,0,820,0,79,186,9,177,19,394,2594,257546,15934,55,,,Transition Phase,,
2021-12-25,248,0,277555,379,0,273881,2483,362,1,821,0,66,182,5,177,19,373,2483,257897,15962,55,,,Transition Phase,,
2021-12-26,209,0,277764,345,0,274226,2361,347,1,822,0,100,109,4,105,18,359,2361,258229,15975,51,,,Transition Phase,,
2021-12-27,280,0,278044,319,0,274545,2333,333,3,825,0,134,146,5,141,17,346,2333,258530,15993,51,,,Transition Phase,,
2021-12-28,365,0,278409,285,0,274830,2473,273,0,825,0,173,192,1,191,17,286,2473,258786,16022,49,,,Transition Phase,,
2021-12-29,341,0,278750,276,0,275106,2535,275,1,826,0,153,188,6,182,16,289,2535,259052,16032,46,,,Transition Phase,,
2021-12-30,311,0,279061,273,0,275379,2598,249,1,827,0,114,197,4,193,16,263,2598,259293,16064,49,,,Transition Phase,,
2021-12-31,344,0,279405,352,0,275731,2602,236,1,828,0,172,172,7,165,16,250,2602,259628,16081,46,,,Transition Phase,,
2022-01-01,456,0,279861,324,0,276055,2736,233,1,829,0,260,196,9,187,14,249,2736,259938,16095,47,,,Transition Phase,,
2022-01-02,429,0,280290,246,0,276301,2916,236,0,829,0,297,132,4,128,14,252,2916,260177,16102,45,,,Transition Phase,,
2022-01-03,464,0,280754,364,0,276665,3099,153,0,829,0,285,179,2,177,13,170,3099,260447,16196,25,,,Transition Phase,,
2022-01-04,842,0,281596,271,0,276936,3669,151,3,832,0,502,340,6,334,13,168,3669,260685,16229,24,,,Transition Phase,,
2022-01-05,805,0,282401,453,0,277389,4015,155,2,834,0,439,366,13,353,14,171,4015,261128,16239,20,,,Transition Phase,,
2022-01-06,813,0,283214,392,0,277781,4449,141,1,835,0,390,423,19,404,13,158,4449,261504,16255,20,,,Transition Phase,,
2022-01-07,777,0,283991,338,0,278119,4892,135,2,837,0,396,381,15,366,12,153,4892,261826,16271,11,,,Transition Phase,,
2022-01-08,811,0,284802,336,0,278455,5372,130,0,837,0,544,267,14,253,11,149,5372,262137,16296,13,,,Transition Phase,,
2022-01-09,845,0,285647,431,0,278886,5781,134,1,838,0,587,258,16,242,11,153,5781,262554,16310,14,,,Transition Phase,,
2022-01-10,750,0,286397,530,0,279416,5996,139,0,838,0,487,263,13,250,11,158,5996,263070,16324,16,,,Transition Phase,,
2022-01-11,846,0,287243,529,0,279945,6317,135,0,838,0,400,446,35,411,10,155,6317,263584,16339,17,,,Transition Phase,,
2022-01-12,882,0,288125,636,0,280581,6560,137,1,839,0,396,486,45,441,10,157,6560,264204,16355,13,,,Transition Phase,,
2022-01-13,960,0,289085,850,0,281431,6665,142,0,839,0,479,481,31,450,9,163,6665,265042,16367,14,,,Transition Phase,,
2022-01-14,945,0,290030,938,0,282369,6658,155,1,840,0,363,582,55,527,9,176,6658,265963,16384,8,,,Transition Phase,,
2022-01-15,956,0,290986,710,0,283079,6905,151,3,843,0,404,552,74,478,11,170,6905,266664,16393,10,,,Transition Phase,,
2022-01-16,863,0,291849,824,0,283903,6929,166,0,843,0,363,500,51,449,12,184,6929,267466,16415,9,,,Transition Phase,,
2022-01-17,1165,0,293014,699,0,284602,7374,187,0,843,0,534,631,66,565,12,205,7374,268153,16427,,,,Transition Phase,,
2022-01-18,1448,0,294462,772,0,285374,8020,217,0,843,0,458,990,73,917,10,237,8020,268912,16440,19,,,Transition Phase,,
2022-01-19,1615,0,296077,686,0,286060,8914,251,1,844,0,410,1205,101,1104,9,272,8914,269582,16456,20,,,Transition Phase,,
2022-01-20,1472,0,297549,966,0,287026,9394,276,1,845,0,339,1133,121,1012,9,297,9394,270535,16469,21,,,Transition Phase,,
2022-01-21,3156,0,307813,4453,0,291479,11602,3878,1,846,0,361,2795,136,2659,9,351,11602,278491,16514,23,,,Transition Phase,,
2022-01-22,2463,0,310276,2120,0,293599,11903,3919,1,847,0,245,2218,71,2147,8,393,11903,280588,16537,26,,,Transition Phase,,
2022-01-23,3496,0,313772,2323,0,295922,13043,3951,1,848,0,439,3057,150,2907,7,426,13043,282888,16560,31,,,Transition Phase,,
2022-01-24,3002,0,316774,3017,0,298939,12983,3996,0,848,0,378,2624,59,2565,9,469,12983,285863,16602,34,,,Transition Phase,,
2022-01-25,5996,0,322770,3067,0,302006,15879,4027,2,850,0,418,5578,134,5444,9,500,15879,288850,16682,36,,,Transition Phase,,
2022-01-26,4832,0,327602,2948,0,304954,17692,4098,0,850,0,272,4560,159,4401,10,570,17692,291744,16736,45,,,Transition Phase,,
2022-01-27,5469,0,333071,3109,0,308063,20021,4129,0,850,0,379,5090,127,4963,10,601,20021,294797,16792,51,,,Transition Phase,,
2022-01-28,5554,0,338625,5454,0,313517,20093,4154,3,853,0,282,5272,126,5146,7,629,20093,300175,16868,49,,,Transition Phase,,
2022-01-29,5207,0,343832,4798,0,318315,20481,4174,1,854,0,248,4959,103,4856,9,647,20481,304893,16948,53,,,Transition Phase,,
2022-01-30,4498,0,348330,5155,0,323470,19771,4227,0,854,0,272,4226,53,4173,8,701,19771,309990,17006,64,,,Transition Phase,,
2022-01-31,4481,0,352811,5529,0,328999,18672,4277,1,855,0,240,4241,44,4197,7,752,18672,315431,17094,67,,,Transition Phase,,
2022-02-01,6264,0,359075,5218,0,334217,19718,4274,3,858,0,144,6120,41,6079,8,748,19718,320563,17180,78,,,Transition Phase,,
2022-02-02,3101,0,362176,4874,0,339091,17881,4337,1,859,0,182,2919,19,2900,9,810,17881,325396,17221,77,,,Transition Phase,,
2022-02-03,4297,0,366473,4614,0,343705,17450,4450,1,860,0,210,4087,25,4062,13,919,17450,329924,17307,81,,,Transition Phase,,
2022-02-04,13208,0,379681,5936,0,349641,24652,4514,6,866,0,162,13046,75,12971,12,984,24652,335801,17366,99,,,Transition Phase,,
2022-02-05,10390,0,390071,2444,0,352085,32524,4586,2,868,0,182,10208,71,10137,16,1052,32524,338140,17471,93,,,Transition Phase,,
2022-02-06,7752,0,397823,4732,0,356817,35535,4592,3,871,0,113,7639,49,7590,11,1063,35535,342779,17564,102,,,Transition Phase,,
2022-02-07,7806,0,405629,12041,0,368858,31206,4683,3,874,0,177,7629,52,7577,12,1153,31206,354725,17659,123,,,Transition Phase,,
2022-02-08,13011,0,418640,8892,0,377750,35293,4712,3,877,0,220,12791,70,12721,13,1181,35293,363572,17704,130,,,Transition Phase,,
2022-02-09,10314,0,428954,8052,0,385802,37540,4723,4,881,0,139,10175,76,10099,19,1186,37540,371475,17853,122,,,Transition Phase,,
2022-02-10,10686,0,439640,8371,0,394173,39847,4730,1,882,0,144,10542,63,10479,19,1193,39847,379574,18125,125,,,Transition Phase,,
2022-02-11,9930,0,449570,12732,0,406905,37049,4723,3,885,0,159,9771,84,9687,12,1193,37049,392161,18270,137,,,Transition Phase,,
2022-02-12,10505,0,460075,9521,0,416426,38024,4724,8,893,0,180,10325,61,10264,7,1199,38024,401550,18402,166,,,Transition Phase,,
2022-02-13,9420,0,469495,10133,0,426559,37241,4790,4,897,0,225,9195,37,9158,10,1262,37241,411582,18503,176,,,Transition Phase,,
2022-02-14,9082,0,478577,10298,0,436857,35956,4850,9,906,0,155,8927,30,8897,9,1323,35956,421776,18607,161,,,Transition Phase,,
2022-02-15,19420,0,497997,10432,0,447289,44914,4873,7,913,0,241,19179,74,19105,10,1345,44914,432013,18802,153,,,Transition Phase,,
2022-02-16,16883,0,514880,9453,0,456742,52334,4870,13,926,0,194,16689,76,16613,20,1332,52334,441329,18939,168,,,Transition Phase,,
2022-02-17,18545,0,533425,8975,0,465717,61330,5440,4,930,0,226,18319,62,18257,19,1453,61330,450168,19075,177,,,Transition Phase,,
2022-02-18,18094,0,551519,20056,0,485773,59825,4976,7,937,0,208,17886,73,17813,23,1435,59825,470027,19272,198,,,Transition Phase,,
2022-02-19,24836,0,576355,15217,0,500990,60407,14009,4,941,0,137,24699,50,24649,18,1473,60407,485023,19493,207,,,Transition Phase,,
2022-02-20,6283,0,582638,17073,0,518063,58581,5041,4,945,0,212,6071,44,6027,19,1504,58581,501957,19632,215,,,Transition Phase,,
2022-02-21,13623,0,596261,18698,0,536761,53416,5124,7,952,0,147,13476,29,13447,21,1585,53416,520545,19742,221,,,Transition Phase,,
2022-02-22,26032,0,622293,17163,0,553924,62279,5126,4,956,0,301,25731,55,25676,28,1580,62279,537590,19860,208,,,Transition Phase,,
2022-02-23,20312,0,642605,15298,0,569222,67307,5105,7,963,0,160,20152,41,20111,29,1558,67307,552726,20022,217,,,Transition Phase,,
2022-02-24,18593,0,661198,13985,0,583207,72093,4915,12,975,0,159,18434,28,18406,30,1367,72093,566555,20178,235,,,Transition Phase,,
2022-02-25,18597,0,679795,25277,0,608484,65215,5102,11,986,0,214,18383,48,18335,29,1555,65215,591721,20289,228,,,Transition Phase,,
2022-02-26,16857,0,696652,19308,0,627792,62782,5071,13,999,0,143,16714,29,16685,27,1526,62782,610873,20445,235,,,Transition Phase,,
2022-02-27,14228,0,710880,19041,0,646833,57961,5071,8,1007,0,164,14064,24,14040,30,1523,57961,629775,20584,230,,,Transition Phase,,
2022-02-28,13544,0,724424,18884,0,665717,52513,5167,12,1019,0,94,13450,18,13432,32,1617,52513,648561,20682,238,,,Transition Phase,,
2022-03-01,24080,0,748504,17205,0,682922,59300,5244,11,1030,0,189,23891,43,23848,32,1694,59300,665627,20821,263,,,Transition Phase,,
2022-03-02,19159,0,767663,14722,0,697644,63745,5226,10,1040,0,160,18999,40,18959,26,1682,63745,679978,21192,240,,,Transition Phase,,
2022-03-03,18162,0,785825,14249,0,711893,67672,5203,9,1049,0,171,17991,30,17961,28,1657,67672,693936,21483,257,,,Transition Phase,,
2022-03-04,17564,0,803389,23545,0,735438,61680,5196,18,1067,0,158,17406,22,17384,30,1648,61680,717272,21692,226,,,Transition Phase,,
2022-03-05,16274,0,819663,18777,0,754215,59290,5077,6,1073,0,154,16120,32,16088,34,1525,59290,735690,22051,205,,,Transition Phase,,
2022-03-06,13158,0,832821,18172,0,772387,54393,4955,5,1078,0,140,13018,28,12990,32,1405,54393,753553,22360,205,,,Transition Phase,,
2022-03-07,13520,0,846341,18174,0,790561,49693,4995,6,1084,0,149,13371,16,13355,33,1444,49693,771552,22535,219,,,Transition Phase,,
2022-03-08,22201,0,868542,16667,0,807228,55190,5017,15,1099,0,218,21983,33,21950,30,1469,55190,788111,22643,209,,,Transition Phase,,
2022-03-09,17051,0,885593,13707,0,820935,58509,5031,11,1110,0,193,16858,36,16822,24,1489,58509,801689,22772,213,,,Transition Phase,,
