Name,HP,Attack,Defense,Sp Atk,Sp Def,Speed,Total,HP Percentile,Attack Percentile,Defense Percentile,Sp Atk Percentile,Sp Def Percentile,Speed Percentile,Total Percentile
Mewtwo (Mega Mewtwo Y),106,150,70,194,120,140,780,93.6,96.4,48,100,93.9,98.7,99.7
Mewtwo (Mega Mewtwo X),106,190,100,154,100,130,780,93.6,100,80.6,98.2,83.6,97.7,99.7
Rayquaza (Mega Rayquaza),105,180,100,180,100,115,780,92.3,99.4,80.6,99.6,83.6,94.1,99.7
Kyogre (Primal Kyogre),100,150,90,180,160,90,770,87.7,96.4,72.3,99.6,99.6,72.9,99.4
Groudon (Primal Groudon),100,180,160,150,90,90,770,87.7,99.4,98.4,97.1,74.3,72.9,99.4
Arceus,120,120,120,120,120,120,720,96.7,86.4,91.3,89.6,93.9,95.8,99.3
Tyranitar (Mega Tyranitar),100,164,150,95,120,71,700,87.7,98.7,97.6,74,93.9,57.9,98.2
Salamence (Mega Salamence),95,145,130,120,90,120,700,84.7,95.8,94.8,89.6,74.3,95.8,98.2
Metagross (Mega Metagross),80,145,150,105,110,110,700,70.5,95.8,97.6,82.3,90.4,91.3,98.2
Latias (Mega Latias),80,100,120,140,150,110,700,70.5,73.8,91.3,96.1,98.3,91.3,98.2
Latios (Mega Latios),80,130,100,160,120,110,700,70.5,91.8,80.6,98.6,93.9,91.3,98.2
Garchomp (Mega Garchomp),108,170,115,120,95,92,700,94.2,99.2,89.4,89.6,79,77.4,98.2
Kyurem (Black Kyurem),125,170,100,120,90,95,700,97.3,99.2,80.6,89.6,74.3,78,98.2
Kyurem (White Kyurem),125,120,90,170,100,95,700,97.3,86.4,72.3,99.1,83.6,78,98.2
Diancie (Mega Diancie),50,160,110,160,110,110,700,18.5,98.1,87.8,98.6,90.4,91.3,98.2
Mewtwo,106,110,90,154,90,130,680,93.6,82.4,72.3,98.2,74.3,97.7,96.6
Lugia,106,90,130,90,154,110,680,93.6,64.8,94.8,70.4,99.2,91.3,96.6
Ho-oh,106,130,90,110,154,90,680,93.6,91.8,72.3,85.7,99.2,72.9,96.6
Rayquaza,105,150,90,150,90,95,680,92.3,96.4,72.3,97.1,74.3,78,96.6
Dialga,100,120,120,150,100,90,680,87.7,86.4,91.3,97.1,83.6,72.9,96.6
Palkia,90,120,100,150,120,100,680,80.3,86.4,80.6,97.1,93.9,82.9,96.6
Giratina (Origin Forme),150,120,100,120,100,90,680,98.8,86.4,80.6,89.6,83.6,72.9,96.6
Giratina (Altered Forme),150,100,120,100,120,90,680,98.8,73.8,91.3,78.5,93.9,72.9,96.6
Reshiram,100,120,100,150,120,90,680,87.7,86.4,80.6,97.1,93.9,72.9,96.6
Zekrom,100,150,120,120,100,90,680,87.7,96.4,91.3,89.6,83.6,72.9,96.6
Xerneas,126,131,95,131,98,99,680,97.8,93.6,77,94.8,83.1,82.4,96.6
Yveltal,126,131,95,131,98,99,680,97.8,93.6,77,94.8,83.1,82.4,96.6
Hoopa (Hoopa Unbound),80,160,60,170,130,80,680,70.5,98.1,33.5,99.1,96.3,63,96.6
Slaking,150,160,100,95,65,100,670,98.8,98.1,80.6,74,42.6,82.9,96.1
Kyogre,100,100,90,150,140,90,670,87.7,73.8,72.3,97.1,98.1,72.9,96.1
Groudon,100,150,140,100,90,90,670,87.7,96.4,96.6,78.5,74.3,72.9,96.1
Regigigas,110,160,110,80,110,100,670,94.8,98.1,87.8,61.4,90.4,82.9,96.1
Kyurem,125,130,90,130,90,95,660,97.3,91.8,72.3,93.4,74.3,78,95.9
Gyarados (Mega Gyarados),95,155,109,70,130,81,640,84.7,97.8,87.7,52.4,96.3,67.2,95.8
Swampert (Mega Swampert),100,150,110,95,110,70,635,87.7,96.4,87.8,74,90.4,53.3,95.7
Charizard (Mega Charizard X),78,130,111,130,85,100,634,68.5,91.8,89.2,93.4,69.2,82.9,95.4
Charizard (Mega Charizard Y),78,104,78,159,115,100,634,68.5,79.3,60.5,98.4,92.4,82.9,95.4
Blastoise (Mega Blastoise),79,103,120,135,115,78,630,69.7,78.9,91.3,95.2,92.4,62.4,94.9
Sceptile (Mega Sceptile),70,110,75,145,85,145,630,52.8,82.4,56,96.6,69.2,98.9,94.9
Blaziken (Mega Blaziken),80,160,80,130,80,100,630,70.5,98.1,61.8,93.4,61.4,82.9,94.9
Aggron (Mega Aggron),70,140,230,60,80,50,630,52.8,95.1,99.7,37.4,61.4,27.1,94.9
Venusaur (Mega Venusaur),80,100,123,122,120,80,625,70.5,73.8,93.7,91.3,93.9,63,94.7
Lucario (Mega Lucario),70,145,88,140,70,112,625,52.8,95.8,71.7,96.1,49.1,93.4,94.7
Gardevoir (Mega Gardevoir),68,85,65,165,135,100,618,51.6,59.6,41.6,98.8,97.4,82.9,94.4
Gallade (Mega Gallade),68,165,95,65,115,110,618,51.6,98.8,77,45.9,92.4,91.3,94.4
Aerodactyl (Mega Aerodactyl),80,135,85,70,95,150,615,70.5,94.2,67.4,52.4,79,99.3,94.3
Ampharos (Mega Ampharos),90,95,105,165,110,45,610,80.3,70,84.9,98.8,90.4,22,94.1
Steelix (Mega Steelix),75,125,230,55,95,30,610,62.2,89.8,99.7,31,79,6.5,94.1
Gengar (Mega Gengar),60,65,80,170,95,130,600,34,34.6,61.8,99.1,79,97.7,89.4
Pinsir (Mega Pinsir),65,155,120,65,90,105,600,44.9,97.8,91.3,45.9,74.3,88.4,89.4
Dragonite,91,134,95,100,100,80,600,83.7,93.9,77,78.5,83.6,63,89.4
Mew,100,100,100,100,100,100,600,87.7,73.8,80.6,78.5,83.6,82.9,89.4
Scizor (Mega Scizor),70,150,140,65,100,75,600,52.8,96.4,96.6,45.9,83.6,59.8,89.4
Heracross (Mega Heracross),80,185,115,40,105,75,600,70.5,99.8,89.4,12,87.3,59.8,89.4
Houndoom (Mega Houndoom),75,90,90,140,90,115,600,62.2,64.8,72.3,96.1,74.3,94.1,89.4
Tyranitar,100,134,110,95,100,61,600,87.7,93.9,87.8,74,83.6,45.5,89.4
Celebi,100,100,100,100,100,100,600,87.7,73.8,80.6,78.5,83.6,82.9,89.4
Salamence,95,135,80,110,80,100,600,84.7,94.2,61.8,85.7,61.4,82.9,89.4
Metagross,80,135,130,95,90,70,600,70.5,94.2,94.8,74,74.3,53.3,89.4
Latias,80,80,90,110,130,110,600,70.5,52.8,72.3,85.7,96.3,91.3,89.4
Latios,80,90,80,130,110,110,600,70.5,64.8,61.8,93.4,90.4,91.3,89.4
Jirachi,100,100,100,100,100,100,600,87.7,73.8,80.6,78.5,83.6,82.9,89.4
Deoxys (Speed Forme),50,95,90,95,90,180,600,18.5,70,72.3,74,74.3,100,89.4
Deoxys (Defense Forme),50,70,160,70,160,90,600,18.5,41.5,98.4,52.4,99.6,72.9,89.4
Deoxys (Attack Forme),50,180,20,180,20,150,600,18.5,99.4,0.8,99.6,0,99.3,89.4
Deoxys (Normal Forme),50,150,50,150,50,150,600,18.5,96.4,20.4,97.1,20,99.3,89.4
Garchomp,108,130,95,80,85,102,600,94.2,91.8,77,61.4,69.2,87.7,89.4
Heatran,91,90,106,130,106,77,600,83.7,64.8,86.8,93.4,89.4,62.2,89.4
Cresselia,120,70,120,75,130,85,600,96.7,41.5,91.3,57.9,96.3,68.5,89.4
Manaphy,100,100,100,100,100,100,600,87.7,73.8,80.6,78.5,83.6,82.9,89.4
Darkrai,70,90,90,135,90,125,600,52.8,64.8,72.3,95.2,74.3,96.9,89.4
Shaymin (Land Forme),100,100,100,100,100,100,600,87.7,73.8,80.6,78.5,83.6,82.9,89.4
Shaymin (Sky Forme),100,103,75,120,75,127,600,87.7,78.9,56,89.6,55.1,97.4,89.4
Victini,100,100,100,100,100,100,600,87.7,73.8,80.6,78.5,83.6,82.9,89.4
Hydreigon,92,105,90,125,90,98,600,84.6,79.7,72.3,91.4,74.3,82.1,89.4
Landorus (Therian Forme),89,145,90,105,80,91,600,79.9,95.8,72.3,82.3,61.4,76.8,89.4
Landorus (Incarnate Forme),89,125,90,115,80,101,600,79.9,89.8,72.3,88.3,61.4,86.8,89.4
Meloetta (Aria Forme),100,77,77,128,128,90,600,87.7,51.6,59.8,93.1,96.1,72.9,89.4
Meloetta (Pirouette Forme),100,128,90,77,77,128,600,87.7,91.6,72.3,60.5,60.4,97.6,89.4
Genesect,71,120,95,120,95,99,600,59.9,86.4,77,89.6,79,82.4,89.4
Goodra,90,100,70,110,150,80,600,80.3,73.8,48,85.7,98.3,63,89.4
Zygarde (50% Forme),108,100,121,81,95,95,600,94.2,73.8,92.9,64.8,79,78,89.4
Diancie,50,100,150,100,150,50,600,18.5,73.8,97.6,78.5,98.3,27.1,89.4
Hoopa (Hoopa Confined),80,110,60,150,130,70,600,70.5,82.4,33.5,97.1,96.3,53.3,89.4
Volcanion,80,110,120,130,90,70,600,70.5,82.4,91.3,93.4,74.3,53.3,89.4
Abomasnow (Mega Abomasnow),90,132,105,132,105,30,594,80.3,93.8,84.9,95.1,87.3,6.5,89.3
Alakazam (Mega Alakazam),55,50,65,175,95,150,590,27.5,16.6,41.6,99.4,79,99.3,88.8
Slowbro (Mega Slowbro),95,75,180,130,80,30,590,84.7,47.1,98.9,93.4,61.4,6.5,88.8
Kangaskhan (Mega Kangaskhan),105,125,100,60,100,100,590,92.3,89.8,80.6,37.4,83.6,82.9,88.8
Altaria (Mega Altaria),75,110,110,110,105,80,590,62.2,82.4,87.8,85.7,87.3,63,88.8
Articuno,90,85,100,95,125,85,580,80.3,59.6,80.6,74,95.7,68.5,85.9
Zapdos,90,90,85,125,90,100,580,80.3,64.8,67.4,91.4,74.3,82.9,85.9
Moltres,90,100,90,125,85,90,580,80.3,73.8,72.3,91.4,69.2,72.9,85.9
Raikou,90,85,75,115,100,115,580,80.3,59.6,56,88.3,83.6,94.1,85.9
Entei,115,115,85,90,75,100,580,96.2,84.9,67.4,70.4,55.1,82.9,85.9
Suicune,100,75,115,90,115,85,580,87.7,47.1,89.4,70.4,92.4,68.5,85.9
Glalie (Mega Glalie),80,120,80,120,80,100,580,70.5,86.4,61.8,89.6,61.4,82.9,85.9
Regirock,80,100,200,50,100,50,580,70.5,73.8,99.4,25,83.6,27.1,85.9
Regice,80,50,100,100,200,50,580,70.5,16.6,80.6,78.5,99.8,27.1,85.9
Registeel,80,75,150,75,150,50,580,70.5,47.1,97.6,57.9,98.3,27.1,85.9
Lopunny (Mega Lopunny),65,136,94,54,96,135,580,44.9,94.9,76.9,30.5,82.7,98.4,85.9
Uxie,75,75,130,75,130,95,580,62.2,47.1,94.8,57.9,96.3,78,85.9
Mesprit,80,105,105,105,105,80,580,70.5,79.7,84.9,82.3,87.3,63,85.9
Azelf,75,125,70,125,70,115,580,62.2,89.8,48,91.4,49.1,94.1,85.9
Cobalion,91,90,129,90,72,108,580,83.7,64.8,94.7,70.4,54.6,90.2,85.9
Terrakion,91,129,90,72,90,108,580,83.7,91.7,72.3,56.4,74.3,90.2,85.9
Virizion,91,90,72,90,129,108,580,83.7,64.8,55,70.4,96.2,90.2,85.9
Tornadus (Incarnate Forme),79,115,70,125,80,111,580,69.7,84.9,48,91.4,61.4,93.2,85.9
Tornadus (Therian Forme),79,100,80,110,90,121,580,69.7,73.8,61.8,85.7,74.3,96.4,85.9
Thundurus (Therian Forme),79,105,70,145,80,101,580,69.7,79.7,48,96.6,61.4,86.8,85.9
Thundurus (Incarnate Forme),79,115,70,125,80,111,580,69.7,84.9,48,91.4,61.4,93.2,85.9
Keldeo (Ordinary Forme),91,72,90,129,90,108,580,83.7,45.5,72.3,93.2,74.3,90.2,85.9
Keldeo (Resolute Forme),91,72,90,129,90,108,580,83.7,45.5,72.3,93.2,74.3,90.2,85.9
Pidgeot (Mega Pidgeot),83,80,80,135,80,121,579,76.3,52.8,61.8,95.2,61.4,96.4,85.8
Manectric (Mega Manectric),70,75,80,135,80,135,575,52.8,47.1,61.8,95.2,61.4,98.4,85.7
Archeops,75,140,65,112,65,110,567,62.2,95.1,41.6,87.8,42.6,91.3,85.6
Absol (Mega Absol),65,150,60,115,60,115,565,44.9,96.4,33.5,88.3,35,94.1,85.4
Sharpedo (Mega Sharpedo),70,140,70,110,65,105,560,52.8,95.1,48,85.7,42.6,88.4,85.2
Camerupt (Mega Camerupt),70,120,100,145,105,20,560,52.8,86.4,80.6,96.6,87.3,1.7,85.2
Arcanine,90,110,80,100,80,95,555,80.3,82.4,61.8,78.5,61.4,78,84.9
Banette (Mega Banette),64,165,75,93,83,75,555,44.1,98.8,56,73.7,68.8,59.8,84.9
Florges,78,65,68,112,154,75,552,68.5,34.6,47.4,87.8,99.2,59.8,84.8
Volcarona,85,60,65,135,105,100,550,76.9,28.4,41.6,95.2,87.3,82.9,84.7
Togekiss,85,50,95,120,115,80,545,76.9,16.6,77,89.6,92.4,63,84.4
Audino (Mega Audino),103,60,126,80,126,50,545,91.8,28.4,94.6,61.4,95.9,27.1,84.4
Gyarados,95,125,79,60,100,81,540,84.7,89.8,61.3,37.4,83.6,67.2,83.3
Snorlax,160,110,65,65,110,30,540,99.3,82.4,41.6,45.9,90.4,6.5,83.3
Kingdra,75,95,95,95,95,85,540,62.2,70,77,74,79,68.5,83.3
Blissey,255,10,10,75,135,55,540,100,0.2,0.2,57.9,97.4,33.9,83.3
Milotic,95,60,79,100,125,81,540,84.7,28.4,61.3,78.5,95.7,67.2,83.3
Electivire,75,123,67,95,85,95,540,62.2,89.2,46.5,74,69.2,78,83.3
Magmortar,75,95,67,125,95,83,540,62.2,70,46.5,91.4,79,67.8,83.3
Darmanitan (Zen Mode),105,30,105,140,105,55,540,92.3,3.2,84.9,96.1,87.3,33.9,83.3
Haxorus,76,147,90,60,70,97,540,67.5,96.3,72.3,37.4,49.1,81.4,83.3
Lapras,130,85,80,85,95,60,535,98.1,59.6,61.8,66.5,79,40,82.2
Crobat,85,90,80,70,80,130,535,76.9,64.8,61.8,52.4,61.4,97.7,82.2
Swampert,100,110,90,85,90,60,535,87.7,82.4,72.3,66.5,74.3,40,82.2
Magnezone,70,70,115,130,90,60,535,52.8,41.5,89.4,93.4,74.3,40,82.2
Rhyperior,115,140,130,55,55,40,535,96.2,95.1,94.8,31,27.5,15.8,82.2
Tangrowth,100,100,125,110,50,50,535,87.7,73.8,93.8,85.7,20,27.1,82.2
Porygon-Z,85,80,70,135,75,90,535,76.9,52.8,48,95.2,55.1,72.9,82.2
Vanilluxe,71,95,85,110,95,79,535,59.9,70,67.4,85.7,79,62.9,82.2
Noivern,85,70,80,97,80,123,535,76.9,41.5,61.8,77.4,61.4,96.8,82.2
Charizard,78,84,78,109,85,100,534,68.5,59,60.5,85.2,69.2,82.9,81.7
Typhlosion,78,84,78,109,85,100,534,68.5,59,60.5,85.2,69.2,82.9,81.7
Infernape,76,104,71,104,71,108,534,67.5,79.3,54.8,82.2,54.1,90.2,81.7
Delphox,75,69,72,114,100,104,534,62.2,41,55,88.1,83.6,88.1,81.7
Gogoat,123,100,62,97,81,68,531,97.1,73.8,39.4,77.4,67.9,52.3,81.6
Blastoise,79,83,100,85,105,78,530,69.7,58.5,80.6,66.5,87.3,62.4,80.3
Feraligatr,85,105,100,79,83,78,530,76.9,79.7,80.6,61,68.8,62.4,80.3
Sceptile,70,85,65,105,85,120,530,52.8,59.6,41.6,82.3,69.2,95.8,80.3
Blaziken,80,120,70,110,70,80,530,70.5,86.4,48,85.7,49.1,63,80.3
Aggron,70,110,180,60,60,50,530,52.8,82.4,98.9,37.4,35,27.1,80.3
Walrein,110,80,90,95,90,65,530,94.8,52.8,72.3,74,74.3,46.8,80.3
Empoleon,84,86,88,111,101,60,530,76.7,63.8,71.7,87.7,87.1,40,80.3
Mamoswine,110,130,80,70,60,80,530,94.8,91.8,61.8,52.4,35,63,80.3
Chesnaught,88,107,122,74,75,64,530,79.8,81.9,93.1,57.3,55.1,46.1,80.3
Greninja,72,95,67,103,71,122,530,60.4,70,46.5,81.9,54.1,96.7,80.3
Serperior,75,75,95,75,95,113,528,62.2,47.1,77,57.9,79,93.8,79.9
Emboar,110,123,65,100,65,65,528,94.8,89.2,41.6,78.5,42.6,46.8,79.9
Samurott,95,100,85,108,70,70,528,84.7,73.8,67.4,85.1,49.1,53.3,79.9
Venusaur,80,82,83,100,100,80,525,70.5,57.8,66.8,78.5,83.6,63,77.9
Cloyster,50,95,180,85,45,70,525,18.5,70,98.9,66.5,14,53.3,77.9
Vaporeon,130,65,60,110,95,65,525,98.1,34.6,33.5,85.7,79,46.8,77.9
Jolteon,65,65,60,110,95,130,525,44.9,34.6,33.5,85.7,79,97.7,77.9
Flareon,65,130,60,95,110,65,525,44.9,91.8,33.5,74,90.4,46.8,77.9
Meganium,80,82,100,83,100,80,525,70.5,57.8,80.6,65.5,83.6,63,77.9
Espeon,65,65,60,130,95,110,525,44.9,34.6,33.5,93.4,79,91.3,77.9
Umbreon,95,65,110,60,130,65,525,84.7,34.6,87.8,37.4,96.3,46.8,77.9
Torterra,95,109,105,75,85,56,525,84.7,82.2,84.9,57.9,69.2,37.6,77.9
Lucario,70,110,70,115,70,90,525,52.8,82.4,48,88.3,49.1,72.9,77.9
Hippowdon,108,112,118,68,72,47,525,94.2,84.7,90.9,51.6,54.6,26,77.9
Leafeon,65,110,130,60,65,95,525,44.9,82.4,94.8,37.4,42.6,78,77.9
Glaceon,65,60,110,130,95,65,525,44.9,28.4,87.8,93.4,79,46.8,77.9
Probopass,60,55,145,75,150,40,525,34,23.1,97.3,57.9,98.3,15.8,77.9
Dusknoir,45,100,135,65,135,45,525,12.7,73.8,96.3,45.9,97.4,22,77.9
Sylveon,95,65,65,110,130,60,525,84.7,34.6,41.6,85.7,96.3,40,77.9
Luxray,80,120,79,95,79,70,523,70.5,86.4,61.3,74,60.9,53.3,77.8
Tyrantrum,82,121,119,69,59,71,521,76,89.1,91.2,51.9,34.7,57.9,77.5
Aurorus,123,77,72,99,92,58,521,97.1,51.6,55,78.3,78.8,38.7,77.5
Exeggutor,95,95,85,125,65,55,520,84.7,70,67.4,91.4,42.6,33.9,76
Starmie,60,75,85,100,85,115,520,34,47.1,67.4,78.5,69.2,94.1,76
Flygon,80,100,80,80,80,100,520,70.5,73.8,61.8,61.4,61.4,82.9,76
Rotom (Wash Rotom),50,65,107,105,107,86,520,18.5,34.6,86.9,82.3,89.6,71.9,76
Rotom (Fan Rotom),50,65,107,105,107,86,520,18.5,34.6,86.9,82.3,89.6,71.9,76
Rotom (Mow Rotom),50,65,107,105,107,86,520,18.5,34.6,86.9,82.3,89.6,71.9,76
Rotom (Heat Rotom),50,65,107,105,107,86,520,18.5,34.6,86.9,82.3,89.6,71.9,76
Rotom (Frost Rotom),50,65,107,105,107,86,520,18.5,34.6,86.9,82.3,89.6,71.9,76
Klinklang,60,100,115,70,85,90,520,34,73.8,89.4,52.4,69.2,72.9,76
Chandelure,60,55,90,145,90,80,520,34,23.1,72.3,96.6,74.3,63,76
Aegislash (Blade Forme),60,150,50,150,50,60,520,34,96.4,20.4,97.1,20,40,76
Aegislash (Shield Forme),60,50,150,50,150,60,520,34,16.6,97.6,25,98.3,40,76
Krookodile,95,117,80,65,70,92,519,84.7,86.1,61.8,45.9,49.1,77.4,75.9
Gardevoir,68,65,65,125,115,80,518,51.6,34.6,41.6,91.4,92.4,63,75.7
Gallade,68,125,65,65,115,80,518,51.6,89.8,41.6,45.9,92.4,63,75.7
Tentacruel,80,70,65,80,120,100,515,70.5,41.5,41.6,61.4,93.9,82.9,74.7
Aerodactyl,80,105,65,60,75,130,515,70.5,79.7,41.6,37.4,55.1,97.7,74.7
Porygon2,85,80,90,105,95,60,515,76.9,52.8,72.3,82.3,79,40,74.7
Roserade,60,70,65,125,105,90,515,34,41.5,41.6,91.4,87.3,72.9,74.7
Lickilicky,110,85,95,80,95,50,515,94.8,59.6,77,61.4,79,27.1,74.7
Yanmega,86,76,86,116,56,95,515,79.3,51.1,71,89.4,33.4,78,74.7
Gigalith,85,135,130,60,80,25,515,76.9,94.2,94.8,37.4,61.4,4.3,74.7
Eelektross,85,115,80,105,80,50,515,76.9,84.9,61.8,82.3,61.4,27.1,74.7
Avalugg,95,117,184,44,46,28,514,84.7,86.1,99.3,18.7,18.3,5.6,74.5
Poliwrath,90,95,95,70,90,70,510,80.3,70,77,52.4,74.3,53.3,73.3
Ampharos,90,75,85,115,90,55,510,80.3,47.1,67.4,88.3,74.3,33.9,73.3
Steelix,75,85,200,55,65,30,510,62.2,59.6,99.4,31,42.6,6.5,73.3
Medicham (Mega Medicham),60,100,85,80,85,100,510,34,73.8,67.4,61.4,69.2,82.9,73.3
Weavile,70,120,65,45,85,125,510,52.8,86.4,41.6,19.7,69.2,96.9,73.3
Gliscor,75,95,125,45,75,95,510,62.2,70,93.8,19.7,55.1,78,73.3
Zoroark,60,105,60,120,60,105,510,34,79.7,33.5,89.6,35,88.4,73.3
Mienshao,65,125,60,95,60,105,510,44.9,89.8,33.5,74,35,88.4,73.3
Braviary,100,123,75,57,75,80,510,87.7,89.2,56,35.7,55.1,63,73.3
Mandibuzz,110,65,105,55,95,80,510,94.8,34.6,84.9,31,79,63,73.3
Seismitoad,105,95,75,85,75,74,509,92.3,70,56,66.5,55.1,59.4,73.2
Excadrill,110,135,60,50,65,88,508,94.8,94.2,33.5,25,42.6,72.7,73
Pyroar,86,68,72,109,66,106,507,79.3,40.6,55,85.2,48.1,89.9,72.9
Nidoqueen,90,92,87,75,85,76,505,80.3,68.7,71.5,57.9,69.2,61.8,72
Nidoking,81,102,77,85,75,85,505,75.9,78.8,59.8,66.5,55.1,68.5,72
Ninetales,73,76,75,81,100,100,505,61,51.1,56,64.8,83.6,82.9,72
Machamp,90,130,80,65,85,55,505,80.3,91.8,61.8,45.9,69.2,33.9,72
Shuckle,20,10,230,10,230,5,505,0.2,0.2,99.7,0,100,0,72
Honchkrow,100,125,52,105,52,71,505,87.7,89.8,26.6,82.3,26.4,57.9,72
Conkeldurr,105,140,95,55,65,45,505,92.3,95.1,77,31,42.6,22,72
Golduck,80,82,78,95,80,85,500,70.5,57.8,60.5,74,61.4,68.5,69.2
Alakazam,55,50,45,135,95,120,500,27.5,16.6,14.5,95.2,79,95.8,69.2
Rapidash,65,100,70,80,80,105,500,44.9,73.8,48,61.4,61.4,88.4,69.2
Muk,105,105,75,65,100,50,500,92.3,79.7,56,45.9,83.6,27.1,69.2
Gengar,60,65,60,130,75,110,500,34,34.6,33.5,93.4,55.1,91.3,69.2
Scyther,70,110,80,55,80,105,500,52.8,82.4,61.8,31,61.4,88.4,69.2
Pinsir,65,125,100,55,70,85,500,44.9,89.8,80.6,31,49.1,68.5,69.2
Politoed,90,75,75,90,100,70,500,80.3,47.1,56,70.4,83.6,53.3,69.2
Scizor,70,130,100,55,80,65,500,52.8,91.8,80.6,31,61.4,46.8,69.2
Heracross,80,125,75,40,95,85,500,70.5,89.8,56,12,79,68.5,69.2
Ursaring,90,130,75,75,75,55,500,80.3,91.8,56,57.9,55.1,33.9,69.2
Houndoom,75,90,50,110,80,95,500,62.2,64.8,20.4,85.7,61.4,78,69.2
Donphan,90,120,120,60,60,50,500,80.3,86.4,91.3,37.4,35,27.1,69.2
Wailord,170,90,45,90,45,60,500,99.6,64.8,14.5,70.4,14,40,69.2
Claydol,60,70,105,70,120,75,500,34,41.5,84.9,52.4,93.9,59.8,69.2
Bronzong,67,89,116,79,116,33,500,51,64.4,90.8,61,93.7,11.6,69.2
Drapion,70,90,110,60,75,95,500,52.8,64.8,87.8,37.4,55.1,78,69.2
Stoutland,85,110,90,45,90,80,500,76.9,82.4,72.3,19.7,74.3,63,69.2
Leavanny,75,103,80,70,80,92,500,62.2,78.9,61.8,52.4,61.4,77.4,69.2
Barbaracle,72,105,115,54,86,68,500,60.4,79.7,89.4,30.5,72.9,52.3,69.2
Clawitzer,71,73,88,120,89,59,500,59.9,46.4,71.7,89.6,74,39.7,69.2
Hawlucha,78,92,75,74,63,118,500,68.5,68.7,56,57.3,41.3,95.7,69.2
Carbink,50,50,150,50,150,50,500,18.5,16.6,97.6,25,98.3,27.1,69.2
Talonflame,78,81,71,74,69,126,499,68.5,57.4,54.8,57.3,48.8,97.3,69
Drifblim,150,80,44,90,54,80,498,98.8,52.8,14,70.4,27.1,63,68.5
Simisage,75,98,63,98,63,101,498,62.2,73.4,40.3,77.9,41.3,86.8,68.5
Simisear,75,98,63,98,63,101,498,62.2,73.4,40.3,77.9,41.3,86.8,68.5
Simipour,75,98,63,98,63,101,498,62.2,73.4,40.3,77.9,41.3,86.8,68.5
Zebstrika,75,100,63,80,63,116,497,62.2,73.8,40.3,61.4,41.3,95.4,68.4
Beedrill (Mega Beedrill),65,150,40,15,80,145,495,44.9,96.4,8.1,0.3,61.4,98.9,66.5
Golem,80,120,130,55,65,45,495,70.5,86.4,94.8,31,42.6,22,66.5
Magmar,65,95,57,100,85,93,495,44.9,70,32.1,78.5,69.2,77.8,66.5
Omastar,70,60,125,115,70,55,495,52.8,28.4,93.8,88.3,49.1,33.9,66.5
Kabutops,60,115,105,65,70,80,495,34,84.9,84.9,45.9,49.1,63,66.5
Cradily,86,81,97,81,107,43,495,79.3,57.4,80.3,64.8,89.6,21,66.5
Armaldo,75,125,100,70,80,45,495,62.2,89.8,80.6,52.4,61.4,22,66.5
Rampardos,97,165,60,65,50,58,495,87.4,98.8,33.5,45.9,20,38.7,66.5
Bastiodon,60,52,168,47,138,30,495,34,21.5,98.8,24.1,97.9,6.5,66.5
Floatzel,85,105,55,85,50,115,495,76.9,79.7,28,66.5,20,94.1,66.5
Mismagius,60,60,60,105,105,105,495,34,28.4,33.5,82.3,87.3,88.4,66.5
Carracosta,74,108,133,83,65,32,495,61.5,82.1,96.2,65.5,42.6,11.1,66.5
Escavalier,70,135,105,60,105,20,495,52.8,94.2,84.9,37.4,87.3,1.7,66.5
Accelgor,80,70,40,100,60,145,495,70.5,41.5,8.1,78.5,35,98.9,66.5
Pangoro,95,124,78,69,71,58,495,84.7,89.6,60.5,51.9,54.1,38.7,66.5
Abomasnow,90,92,75,92,85,60,494,80.3,68.7,56,73.2,69.2,40,65.8
Dragalge,65,75,90,97,123,44,494,44.9,47.1,72.3,77.4,95.6,21.6,65.8
Gourgeist (Average Size),65,90,122,58,75,84,494,44.9,64.8,93.1,36.1,55.1,68.2,65.8
Gourgeist (Small Size),55,85,122,58,75,99,494,27.5,59.6,93.1,36.1,55.1,82.4,65.8
Gourgeist (Large Size),75,95,122,58,75,69,494,62.2,70,93.1,36.1,55.1,53,65.8
Gourgeist (Super Size),85,100,122,58,75,54,494,76.9,73.8,93.1,36.1,55.1,33.7,65.8
Vileplume,75,80,85,110,90,50,490,62.2,52.8,67.4,85.7,74.3,27.1,63.5
Victreebel,80,105,65,100,70,70,490,70.5,79.7,41.6,78.5,49.1,53.3,63.5
Slowbro,95,75,110,100,80,30,490,84.7,47.1,87.8,78.5,61.4,6.5,63.5
Weezing,65,90,120,85,70,60,490,44.9,64.8,91.3,66.5,49.1,40,63.5
Kangaskhan,105,95,80,40,80,90,490,92.3,70,61.8,12,61.4,72.9,63.5
Electabuzz,65,83,57,95,85,105,490,44.9,58.5,32.1,74,69.2,88.4,63.5
Tauros,75,100,95,40,70,110,490,62.2,73.8,77,12,49.1,91.3,63.5
Bellossom,75,80,95,90,100,50,490,62.2,52.8,77,70.4,83.6,27.1,63.5
Slowking,95,75,80,100,110,30,490,84.7,47.1,61.8,78.5,90.4,6.5,63.5
Miltank,95,80,105,40,70,100,490,84.7,52.8,84.9,12,49.1,82.9,63.5
Exploud,104,91,63,91,73,68,490,92.2,68.5,40.3,73,55,52.3,63.5
Altaria,75,70,90,70,105,80,490,62.2,41.5,72.3,52.4,87.3,63,63.5
Toxicroak,83,106,65,86,65,85,490,76.3,81.8,41.6,69.9,42.6,68.5,63.5
Sigilyph,72,58,80,103,80,97,490,60.4,27.5,61.8,81.9,61.4,81.4,63.5
Gothitelle,70,55,95,95,110,65,490,52.8,23.1,77,74,90.4,46.8,63.5
Reuniclus,110,65,75,125,85,30,490,94.8,34.6,56,91.4,69.2,6.5,63.5
Bisharp,65,125,100,60,70,70,490,44.9,89.8,80.6,37.4,49.1,53.3,63.5
Bouffalant,95,110,95,40,95,55,490,84.7,82.4,77,12,79,33.9,63.5
Ferrothorn,74,94,131,54,116,20,489,61.5,69.8,96.1,30.5,93.7,1.7,63.4
Unfezant,80,115,80,65,55,93,488,70.5,84.9,61.8,45.9,27.5,77.8,63.2
Scrafty,65,90,115,45,115,58,488,44.9,64.8,89.4,19.7,92.4,38.7,63.2
Musharna,116,55,85,107,95,29,487,96.6,23.1,67.4,84.9,79,6.1,63
Raichu,60,90,55,90,80,110,485,34,64.8,28,70.4,61.4,91.3,61.5
Rhydon,105,130,120,45,45,40,485,92.3,91.8,91.3,19.7,14,15.8,61.5
Huntail,55,104,105,94,75,52,485,27.5,79.3,84.9,73.8,55.1,33.2,61.5
Gorebyss,55,84,105,114,75,52,485,27.5,59,84.9,88.1,55.1,33.2,61.5
Relicanth,100,90,130,45,65,55,485,87.7,64.8,94.8,19.7,42.6,33.9,61.5
Staraptor,85,120,70,50,60,100,485,76.9,86.4,48,25,35,82.9,61.5
Spiritomb,50,92,108,92,108,35,485,18.5,68.7,87.6,73.2,90.3,12,61.5
Scolipede,60,100,89,55,69,112,485,34,73.8,72.2,31,48.8,93.4,61.5
Beheeyem,75,75,75,125,95,40,485,62.2,47.1,56,91.4,79,15.8,61.5
Beartic,95,110,80,70,80,50,485,84.7,82.4,61.8,52.4,61.4,27.1,61.5
Cryogonal,70,50,30,95,135,105,485,52.8,16.6,1.8,74,97.4,88.4,61.5
Druddigon,77,120,90,60,90,48,485,68.2,86.4,72.3,37.4,74.3,26.2,61.5
Heatmor,85,97,66,105,66,65,484,76.9,73.3,46.1,82.3,48.1,46.8,61.3
Durant,58,109,112,48,48,109,484,32.5,82.2,89.3,24.4,18.6,91.1,61.3
Clefable,95,70,73,95,90,60,483,84.7,41.5,55.8,74,74.3,40,60.8
Hypno,85,73,70,73,115,67,483,76.9,46.4,48,56.8,92.4,51.8,60.8
Cofagrigus,58,50,145,95,105,30,483,32.5,16.6,97.3,74,87.3,6.5,60.8
Golurk,89,124,80,55,80,55,483,79.9,89.6,61.8,31,61.4,33.9,60.8
Ambipom,75,100,66,60,66,115,482,62.2,73.8,46.1,37.4,48.1,94.1,60.5
Malamar,86,92,88,68,75,73,482,79.3,68.7,71.7,51.6,55.1,59.1,60.5
Heliolisk,62,55,52,109,94,109,481,42.9,23.1,26.6,85.2,78.9,91.1,60.4
Electrode,60,50,70,80,80,140,480,34,16.6,48,61.4,61.4,98.7,58.5
Octillery,75,105,75,105,75,45,480,62.2,79.7,56,82.3,55.1,22,58.5
Ludicolo,80,70,70,90,100,70,480,70.5,41.5,48,70.4,83.6,53.3,58.5
Shiftry,90,100,60,90,60,80,480,80.3,73.8,33.5,70.4,35,63,58.5
Sableye (Mega Sableye),50,85,125,85,115,20,480,18.5,59.6,93.8,66.5,92.4,1.7,58.5
Mawile (Mega Mawile),50,105,125,55,95,50,480,18.5,79.7,93.8,31,79,27.1,58.5
Glalie,80,80,80,80,80,80,480,70.5,52.8,61.8,61.4,61.4,63,58.5
Lopunny,65,76,84,54,96,105,480,44.9,51.1,67.2,30.5,82.7,88.4,58.5
Froslass,70,80,70,80,70,110,480,52.8,52.8,48,61.4,49.1,91.3,58.5
Phione,80,80,80,80,80,80,480,70.5,52.8,61.8,61.4,61.4,63,58.5
Whimsicott,60,67,85,77,75,116,480,34,40.4,67.4,60.5,55.1,95.4,58.5
Lilligant,70,60,75,110,75,90,480,52.8,28.4,56,85.7,55.1,72.9,58.5
Darmanitan (Standard Mode),105,140,55,30,55,95,480,92.3,95.1,28,4,27.5,78,58.5
Jellicent,100,60,70,85,105,60,480,87.7,28.4,48,66.5,87.3,40,58.5
Slurpuff,82,80,86,85,75,72,480,76,52.8,71,66.5,55.1,58.6,58.5
Pidgeot,83,80,75,70,70,101,479,76.3,52.8,56,52.4,49.1,86.8,58.3
Skuntank,103,93,67,71,61,84,479,91.8,69.5,46.5,56.1,40.4,68.2,58.3
Dewgong,90,70,80,70,95,70,475,80.3,41.5,61.8,52.4,79,53.3,57.4
Kingler,55,130,115,50,50,75,475,27.5,91.8,89.4,25,20,59.8,57.4
Manectric,70,75,60,105,60,105,475,52.8,47.1,33.5,82.3,35,88.4,57.4
Cacturne,70,115,60,115,60,55,475,52.8,84.9,33.5,88.3,35,33.9,57.4
Gastrodon,111,83,68,92,82,39,475,95.9,58.5,47.4,73.2,68.3,15.7,57.4
Crustle,70,95,125,65,75,45,475,52.8,70,93.8,45.9,55.1,22,57.4
Sawsbuck,80,100,70,60,70,95,475,70.5,73.8,48,37.4,49.1,78,57.4
Hariyama,144,120,60,40,60,50,474,98.7,86.4,33.5,12,35,27.1,56.9
Vespiquen,70,80,102,80,102,40,474,52.8,52.8,84.7,61.4,87.2,15.8,56.9
Garbodor,80,95,82,60,82,75,474,70.5,70,66.7,37.4,68.3,59.8,56.9
Trevenant,85,110,76,65,82,56,474,76.9,82.4,59.3,45.9,68.3,37.6,56.9
Swanna,75,87,63,87,63,98,473,62.2,64,40.3,70,41.3,82.1,56.8
Galvantula,70,77,60,97,60,108,472,52.8,51.6,33.5,77.4,35,90.2,56.5
Furfrou,75,80,60,65,90,102,472,62.2,52.8,33.5,45.9,74.3,87.7,56.5
Stunfisk,109,66,84,81,99,32,471,94.7,39.5,67.2,64.8,83.4,11.1,56.4
Xatu,65,75,70,95,70,95,470,44.9,47.1,48,74,49.1,78,55.6
Torkoal,70,85,140,85,70,20,470,52.8,59.6,96.6,66.5,49.1,1.7,55.6
Grumpig,80,45,65,90,110,80,470,70.5,11.2,41.6,70.4,90.4,63,55.6
Cinccino,75,95,60,65,60,115,470,62.2,70,33.5,45.9,35,94.1,55.6
Alomomola,165,75,80,40,45,65,470,99.4,47.1,61.8,12,14,46.8,55.6
Klefki,57,80,91,80,87,75,470,32.2,52.8,76.7,61.4,73.5,59.8,55.6
Whiscash,110,78,73,76,71,60,468,94.8,52.1,55.8,60.2,54.1,40,55.4
Crawdaunt,63,120,85,90,55,55,468,43.8,86.4,67.4,70.4,27.5,33.9,55.4
Swalot,100,73,83,73,83,55,467,87.7,46.4,66.8,56.8,68.8,33.9,55.3
Meowstic - Male,74,48,76,83,81,104,466,61.5,15.1,59.3,65.5,67.9,88.1,55
Meowstic - Female,74,48,76,83,81,104,466,61.5,15.1,59.3,65.5,67.9,88.1,55
Magneton,50,60,95,120,70,70,465,18.5,28.4,77,89.6,49.1,53.3,54
Forretress,75,90,140,60,60,40,465,62.2,64.8,96.6,37.4,35,15.8,54
Mantine,65,40,70,80,140,70,465,44.9,8,48,61.4,98.1,53.3,54
Skarmory,65,80,140,40,70,70,465,44.9,52.8,96.6,12,49.1,53.3,54
Stantler,73,95,62,85,65,85,465,61,70,39.4,66.5,42.6,68.5,54
Absol,65,130,60,75,60,75,465,44.9,91.8,33.5,57.9,35,59.8,54
Throh,120,100,85,30,85,45,465,96.7,73.8,67.4,4,69.2,22,54
Sawk,75,125,75,30,75,85,465,62.2,89.8,56,4,55.1,68.5,54
Amoonguss,114,85,70,85,80,30,464,96.1,59.6,48,66.5,61.4,6.5,53.9
Aromatisse,101,72,72,99,89,29,462,91.7,45.5,55,78.3,74,6.1,53.8
Maractus,75,86,67,106,67,60,461,62.2,63.8,46.5,84.8,48.5,40,53.6
Dodrio,60,110,70,60,60,100,460,34,82.4,48,37.4,35,82.9,52.4
Mr. Mime,40,45,65,100,120,90,460,6.2,11.2,41.6,78.5,93.9,72.9,52.4
Lanturn,125,58,58,76,76,67,460,97.3,27.5,32.6,60.2,60.2,51.8,52.4
Jumpluff,75,55,70,55,95,110,460,62.2,23.1,48,31,79,91.3,52.4
Breloom,60,130,80,60,60,70,460,34,91.8,61.8,37.4,35,53.3,52.4
Sharpedo,70,120,40,95,40,95,460,52.8,86.4,8.1,74,8.3,78,52.4
Camerupt,70,100,70,105,75,40,460,52.8,73.8,48,82.3,55.1,15.8,52.4
Tropius,99,68,83,72,87,51,460,87.6,40.6,66.8,56.4,73.5,32.9,52.4
Lumineon,69,69,76,69,86,91,460,52.5,41,59.3,51.9,72.9,76.8,52.4
Basculin,70,92,65,80,55,98,460,52.8,68.7,41.6,61.4,27.5,82.1,52.4
Zangoose,73,115,60,60,60,90,458,61,84.9,33.5,37.4,35,72.9,52.1
Seviper,73,100,60,100,60,65,458,61,73.8,33.5,78.5,35,46.8,52.1
Ninjask,61,90,45,50,50,160,456,42.4,64.8,14.5,25,20,99.8,52
Golbat,75,80,70,65,75,90,455,62.2,52.8,48,45.9,55.1,72.9,50.9
Primeape,65,105,60,60,70,95,455,44.9,79.7,33.5,37.4,49.1,78,50.9
Hitmonlee,50,120,53,35,110,87,455,18.5,86.4,27.2,7.5,90.4,72.5,50.9
Hitmonchan,50,105,79,35,110,76,455,18.5,79.7,61.3,7.5,90.4,61.8,50.9
Jynx,65,50,35,115,95,95,455,44.9,16.6,4.3,88.3,79,78,50.9
Girafarig,70,80,65,90,65,85,455,52.8,52.8,41.6,70.4,42.6,68.5,50.9
Hitmontop,50,95,95,35,110,70,455,18.5,70,77,7.5,90.4,53.3,50.9
Banette,64,115,65,83,63,65,455,44.1,84.9,41.6,65.5,41.3,46.8,50.9
Dusclops,40,70,130,60,130,25,455,6.2,41.5,94.8,37.4,96.3,4.3,50.9
Carnivine,74,100,72,90,72,46,454,61.5,73.8,55,70.4,54.6,25.6,50.8
Purugly,71,82,64,64,59,112,452,59.9,57.8,41.1,45.8,34.7,93.4,50.5
Sliggoo,68,75,53,83,113,60,452,51.6,47.1,27.2,65.5,92.3,40,50.5
Sandslash,75,100,110,45,55,65,450,62.2,73.8,87.8,19.7,27.5,46.8,49.6
Venomoth,70,65,60,90,75,90,450,52.8,34.6,33.5,70.4,55.1,72.9,49.6
Chansey,250,5,5,35,105,50,450,99.8,0,0,7.5,87.3,27.1,49.6
Seaking,80,92,65,65,80,68,450,70.5,68.7,41.6,45.9,61.4,52.3,49.6
Granbull,90,120,75,60,60,45,450,80.3,86.4,56,37.4,35,22,49.6
Piloswine,100,100,80,60,60,50,450,87.7,73.8,61.8,37.4,35,27.1,49.6
Cherrim,70,60,70,87,78,85,450,52.8,28.4,48,70,60.8,68.5,49.6
Doublade,59,110,150,45,49,35,448,33.2,82.4,97.6,19.7,19.7,12,49.5
Liepard,64,88,50,88,50,106,446,44.1,64.3,20.4,70.3,20,89.9,49.4
Audino,103,60,86,60,86,50,445,91.8,28.4,71,37.4,72.9,27.1,49.3
Fearow,65,90,65,61,61,100,442,44.9,64.8,41.6,43.8,40.4,82.9,49
Noctowl,100,50,50,76,96,70,442,87.7,16.6,20.4,60.2,82.7,53.3,49
Persian,65,70,60,65,65,115,440,44.9,41.5,33.5,45.9,42.6,94.1,48
Seadra,55,65,95,95,45,85,440,27.5,34.6,77,74,14,68.5,48
Vigoroth,80,80,80,55,55,90,440,70.5,52.8,61.8,31,27.5,72.9,48
Lunatone,70,55,65,95,85,70,440,52.8,23.1,41.6,74,69.2,53.3,48
Solrock,70,95,85,55,65,70,440,52.8,70,67.4,31,42.6,53.3,48
Kecleon,60,90,70,60,120,40,440,34,64.8,48,37.4,93.9,15.8,48
Rotom,50,50,77,95,77,91,440,18.5,16.6,59.8,74,60.4,76.8,48
Klang,60,80,95,70,85,50,440,34,52.8,77,52.4,69.2,27.1,48
Arbok,60,85,69,65,79,80,438,34,59.6,47.8,45.9,60.9,63,47.9
Wigglytuff,140,70,45,85,50,45,435,98.6,41.5,14.5,66.5,20,22,47.5
Tangela,65,55,115,100,40,60,435,44.9,23.1,89.4,78.5,8.3,40,47.5
Misdreavus,60,60,60,85,85,85,435,34,28.4,33.5,66.5,69.2,68.5,47.5
Dedenne,67,58,57,81,67,101,431,51,27.5,32.1,64.8,48.5,86.8,47.4
Quagsire,95,85,85,65,65,35,430,84.7,59.6,67.4,45.9,42.6,12,46.5
Gligar,65,75,105,35,65,85,430,44.9,47.1,84.9,7.5,42.6,68.5,46.5
Qwilfish,65,95,75,55,55,85,430,44.9,70,56,31,27.5,68.5,46.5
Sneasel,55,95,55,35,75,115,430,27.5,70,28,7.5,55.1,94.1,46.5
Swellow,60,85,60,50,50,125,430,34,59.6,33.5,25,20,96.9,46.5
Pelipper,60,50,100,85,70,65,430,34,16.6,80.6,66.5,49.1,46.8,46.5
Lairon,60,90,140,50,50,40,430,34,64.8,96.6,25,20,15.8,46.5
Emolga,55,75,60,75,60,103,428,27.5,47.1,33.5,57.9,35,87.9,46.4
Marowak,60,80,110,50,80,45,425,34,52.8,87.8,25,61.4,22,45.9
Sunflora,75,75,55,105,85,30,425,62.2,47.1,28,82.3,69.2,6.5,45.9
Chimecho,65,50,70,95,80,65,425,44.9,16.6,48,74,61.4,46.8,45.9
Swoobat,67,57,55,77,55,114,425,51,27.2,28,60.5,27.5,93.9,45.9
Wormadam (Trash Cloak),60,69,95,69,95,36,424,34,41,77,51.9,79,14.7,45.4
Wormadam (Sandy Cloak),60,79,105,59,85,36,424,34,52.6,84.9,37,69.2,14.7,45.4
Wormadam (Plant Cloak),60,59,85,79,105,36,424,34,28,67.4,61,87.3,14.7,45.4
Mothim,70,94,50,94,50,66,424,52.8,69.8,20.4,73.8,20,51.3,45.4
Diggersby,85,56,77,50,77,78,423,76.9,26.9,59.8,25,60.4,62.4,45.3
Dragonair,61,84,65,70,70,70,420,42.4,59,41.6,52.4,49.1,53.3,44.1
Azumarill,100,50,80,60,80,50,420,87.7,16.6,61.8,37.4,61.4,27.1,44.1
Mightyena,70,90,70,60,60,70,420,52.8,64.8,48,37.4,35,53.3,44.1
Linoone,78,70,61,50,61,100,420,68.5,41.5,39.2,25,40.4,82.9,44.1
Castform,70,70,70,70,70,70,420,52.8,41.5,48,52.4,49.1,53.3,44.1
Shelgon,65,95,100,60,50,50,420,44.9,70,80.6,37.4,20,27.1,44.1
Metang,60,75,100,55,80,50,420,34,47.1,80.6,31,61.4,27.1,44.1
Watchog,60,85,69,60,69,77,420,34,59.6,47.8,37.4,48.8,62.2,44.1
Zweilous,72,85,70,65,70,58,420,60.4,59.6,48,45.9,49.1,38.7,44.1
Pignite,90,93,55,70,55,55,418,80.3,69.5,28,52.4,27.5,33.9,44
Furret,85,76,64,45,55,90,415,76.9,51.1,41.1,19.7,27.5,72.9,43.8
Dunsparce,100,70,70,65,65,45,415,87.7,41.5,48,45.9,42.6,22,43.8
Masquerain,70,60,62,80,82,60,414,52.8,28.4,39.4,61.4,68.3,40,43.6
Raticate,55,81,60,50,70,97,413,27.5,57.4,33.5,25,49.1,81.4,43.3
Servine,60,60,75,60,75,83,413,34,28.4,56,37.4,55.1,67.8,43.3
Dewott,75,75,60,83,60,60,413,62.2,47.1,33.5,65.5,35,40,43.3
Chatot,76,65,45,92,42,91,411,67.5,34.6,14.5,73.2,12.6,76.8,43
Vivillon,80,52,50,90,50,89,411,70.5,21.5,20.4,70.4,20,72.8,43
Ponyta,50,85,55,65,65,90,410,18.5,59.6,28,45.9,42.6,72.9,41.9
Sudowoodo,70,100,115,30,65,30,410,52.8,73.8,89.4,4,42.6,6.5,41.9
Magcargo,50,50,120,80,80,30,410,18.5,16.6,91.3,61.4,61.4,6.5,41.9
Pupitar,70,84,70,65,70,51,410,52.8,59,48,45.9,49.1,32.9,41.9
Medicham,60,60,75,60,75,80,410,34,28.4,56,37.4,55.1,63,41.9
Sealeo,90,60,70,75,70,45,410,80.3,28.4,48,57.9,49.1,22,41.9
Bibarel,79,85,60,55,60,71,410,69.7,59.6,33.5,31,35,57.9,41.9
Gabite,68,90,65,50,55,82,410,51.6,64.8,41.6,25,27.5,67.7,41.9
Fraxure,66,117,70,40,50,67,410,50.6,86.1,48,12,20,51.8,41.9
Braixen,59,59,58,90,70,73,409,33.2,28,32.6,70.4,49.1,59.1,41.8
Ivysaur,60,62,63,80,80,60,405,34,32.7,40.3,61.4,61.4,40,38.5
Charmeleon,58,64,58,80,65,80,405,32.5,34,32.6,61.4,42.6,63,38.5
Wartortle,59,63,80,65,80,58,405,33.2,33.2,61.8,45.9,61.4,38.7,38.5
Parasect,60,95,80,60,80,30,405,34,70,61.8,37.4,61.4,6.5,38.5
Dugtrio,35,80,50,50,70,120,405,3.1,52.8,20.4,25,49.1,95.8,38.5
Machoke,80,100,70,50,60,45,405,70.5,73.8,48,25,35,22,38.5
Haunter,45,50,45,115,55,95,405,12.7,16.6,14.5,88.3,27.5,78,38.5
Bayleef,60,62,80,63,80,60,405,34,32.7,61.8,45.1,61.4,40,38.5
Quilava,58,64,58,80,65,80,405,32.5,34,32.6,61.4,42.6,63,38.5
Croconaw,65,80,80,59,63,58,405,44.9,52.8,61.8,37,41.3,38.7,38.5
Togetic,55,40,85,80,105,40,405,27.5,8,67.4,61.4,87.3,15.8,38.5
Murkrow,60,85,42,85,42,91,405,34,59.6,12.8,66.5,12.6,76.8,38.5
Wobbuffet,190,33,58,33,58,33,405,99.7,5.7,32.6,7.3,34.5,11.6,38.5
Grovyle,50,65,45,85,65,95,405,18.5,34.6,14.5,66.5,42.6,78,38.5
Combusken,60,85,60,85,60,55,405,34,59.6,33.5,66.5,35,33.9,38.5
Marshtomp,70,85,70,60,70,50,405,52.8,59.6,48,37.4,49.1,27.1,38.5
Plusle,60,50,40,85,75,95,405,34,16.6,8.1,66.5,55.1,78,38.5
Minun,60,40,50,75,85,95,405,34,8,20.4,57.9,69.2,78,38.5
Grotle,75,89,85,55,65,36,405,62.2,64.4,67.4,31,42.6,14.7,38.5
Monferno,64,78,52,78,52,81,405,44.1,52.1,26.6,60.9,26.4,67.2,38.5
Prinplup,64,66,68,81,76,50,405,44.1,39.5,47.4,64.8,60.2,27.1,38.5
Pachirisu,60,45,70,45,90,95,405,34,11.2,48,19.7,74.3,78,38.5
Gurdurr,85,105,85,40,50,40,405,76.9,79.7,67.4,12,20,15.8,38.5
Eelektrik,65,85,70,75,70,40,405,44.9,59.6,48,57.9,49.1,15.8,38.5
Quilladin,61,78,95,56,58,57,405,42.4,52.1,77,35.4,34.5,38.2,38.5
Frogadier,54,63,52,83,56,97,405,27,33.2,26.6,65.5,33.4,81.4,38.5
Archen,55,112,45,74,45,70,401,27.5,84.7,14.5,57.3,14,53.3,38.4
Kadabra,40,35,30,120,70,105,400,6.2,5.8,1.8,89.6,49.1,88.4,37.7
Volbeat,65,73,55,47,75,85,400,44.9,46.4,28,24.1,55.1,68.5,37.7
Illumise,65,47,55,73,75,85,400,44.9,14.7,28,56.8,55.1,68.5,37.7
Roselia,50,60,45,100,80,65,400,18.5,28.4,14.5,78.5,61.4,46.8,37.7
Wailmer,130,70,35,70,35,60,400,98.1,41.5,4.3,52.4,5.2,40,37.7
Butterfree,60,45,50,90,80,70,395,34,11.2,20.4,70.4,61.4,53.3,37
Beedrill,65,90,40,45,80,75,395,44.9,64.8,8.1,19.7,61.4,59.8,37
Gloom,60,65,70,85,75,40,395,34,34.6,48,66.5,55.1,15.8,37
Porygon,65,60,70,85,75,40,395,44.9,28.4,48,66.5,55.1,15.8,37
Beautifly,60,70,50,100,50,65,395,34,41.5,20.4,78.5,20,46.8,37
Vanillish,51,65,65,80,75,59,395,26.4,34.6,41.6,61.4,55.1,39.7,37
Weepinbell,65,90,50,85,45,55,390,44.9,64.8,20.4,66.5,14,33.9,36
Graveler,55,95,115,45,45,35,390,27.5,70,89.4,19.7,14,12,36
Ledian,55,35,50,55,110,85,390,27.5,5.8,20.4,31,90.4,68.5,36
Ariados,70,90,70,60,60,40,390,52.8,64.8,48,37.4,35,15.8,36
Yanma,65,65,45,75,45,95,390,44.9,34.6,14.5,57.9,14,78,36
Munchlax,135,85,40,40,85,5,390,98.4,59.6,8.1,12,69.2,0,36
Boldore,70,105,105,50,40,20,390,52.8,79.7,84.9,25,8.3,1.7,36
Gothorita,60,45,70,75,85,55,390,34,11.2,48,57.9,69.2,33.9,36
Poliwhirl,65,65,65,50,50,90,385,44.9,34.6,41.6,25,20,72.9,35.5
Onix,35,45,160,30,45,70,385,3.1,11.2,98.4,4,14,53.3,35.5
Lickitung,90,55,75,60,75,30,385,80.3,23.1,56,37.4,55.1,6.5,35.5
Dustox,60,50,70,50,90,65,385,34,16.6,48,25,74.3,46.8,35.5
Kricketune,77,85,51,55,51,65,384,68.2,59.6,26.5,31,26.2,46.8,35.2
Palpitoad,75,65,55,65,55,69,384,62.2,34.6,28,45.9,27.5,53,35.2
Fletchinder,62,73,55,56,52,84,382,42.9,46.4,28,35.4,26.4,68.2,35.1
Corsola,55,55,85,65,85,35,380,27.5,23.1,67.4,45.9,69.2,12,34.5
Delcatty,70,65,65,55,55,70,380,52.8,34.6,41.6,31,27.5,53.3,34.5
Sableye,50,75,75,65,65,50,380,18.5,47.1,56,45.9,42.6,27.1,34.5
Mawile,50,85,85,55,55,50,380,18.5,59.6,67.4,31,27.5,27.1,34.5
Swadloon,55,63,90,50,80,42,380,27.5,33.2,72.3,25,61.4,20.2,34.5
Nosepass,30,45,135,45,90,30,375,1.3,11.2,96.3,19.7,74.3,6.5,34.4
Floette,54,45,47,75,98,52,371,27,11.2,18.5,57.9,83.1,33.2,34.2
Herdier,65,80,65,35,65,60,370,44.9,52.8,41.6,7.5,42.6,40,33.7
Duosion,65,40,50,125,60,30,370,44.9,8,20.4,91.4,35,6.5,33.7
Lampent,60,40,60,95,60,55,370,34,8,33.5,74,35,33.9,33.7
Vullaby,70,55,75,45,65,60,370,52.8,23.1,56,19.7,42.6,40,33.7
Litleo,62,50,58,73,54,72,369,42.9,16.6,32.6,56.8,27.1,58.6,33.6
Nidorina,70,62,67,55,55,56,365,52.8,32.7,46.5,31,27.5,37.6,33.1
Nidorino,61,72,57,55,55,65,365,42.4,45.5,32.1,31,27.5,46.8,33.1
Flaaffy,70,55,55,80,60,45,365,52.8,23.1,28,61.4,35,22,33.1
Magby,45,75,37,70,55,83,365,12.7,47.1,7.2,52.4,27.5,67.8,33.1
Luxio,60,85,49,60,49,60,363,34,59.6,20.1,37.4,19.7,40,33
Tyrunt,58,89,77,45,45,48,362,32.5,64.4,59.8,19.7,14,26.2,32.7
Amaura,77,59,50,67,63,46,362,68.2,28,20.4,51.4,41.3,25.6,32.7
Aipom,55,70,55,40,55,85,360,27.5,41.5,28,12,27.5,68.5,32
Elekid,45,63,37,65,55,95,360,12.7,33.2,7.2,45.9,27.5,78,32
Loudred,84,71,43,71,43,48,360,76.7,45.4,13.2,56.1,13.2,26.2,32
Spinda,60,60,60,60,60,60,360,34,28.4,33.5,37.4,35,40,32
Whirlipede,40,55,99,40,79,47,360,6.2,23.1,80.4,12,60.9,26,32
Larvesta,55,85,55,50,55,60,360,27.5,59.6,28,25,27.5,40,32
Tranquill,62,77,62,50,42,65,358,42.9,51.6,39.4,25,12.6,46.8,31.9
Omanyte,35,40,100,90,55,35,355,3.1,8,80.6,70.4,27.5,12,31.1
Kabuto,30,80,90,55,45,55,355,1.3,52.8,72.3,31,14,33.9,31.1
Lileep,66,41,77,61,87,23,355,50.6,10.6,59.8,43.8,73.5,3.7,31.1
Anorith,45,95,50,40,50,75,355,12.7,70,20.4,12,20,59.8,31.1
Tirtouga,54,78,103,53,45,22,355,27,52.1,84.8,30,14,3.6,31.1
Espurr,62,48,54,63,60,68,355,42.9,15.1,27.9,45.1,35,52.3,31.1
Farfetch'd,52,65,55,58,62,60,352,26.5,34.6,28,36.1,40.9,40,31
Krokorok,60,82,45,45,45,74,351,34,57.8,14.5,19.7,14,59.4,30.9
Growlithe,55,70,45,70,50,60,350,27.5,41.5,14.5,52.4,20,40,30
Cranidos,67,125,40,30,30,58,350,51,89.8,8.1,4,2.2,38.7,30
Shieldon,30,42,118,42,88,30,350,1.3,10.8,90.9,18.2,73.9,6.5,30
Buneary,55,66,44,44,56,85,350,27.5,39.5,14,18.7,33.4,68.5,30
Mienfoo,45,85,50,55,50,65,350,12.7,59.6,20.4,31,20,46.8,30
Rufflet,70,83,50,37,50,60,350,52.8,58.5,20.4,11.3,20,40,30
Skiddo,66,65,48,62,57,52,350,50.6,34.6,18.7,44.5,34.2,33.2,30
Pidgeotto,63,60,55,50,50,71,349,43.8,28.4,28,25,20,57.9,29.9
Drifloon,90,50,34,60,44,70,348,80.3,16.6,4,37.4,13.6,53.3,29.5
Scraggy,50,75,70,35,70,48,348,18.5,47.1,48,7.5,49.1,26.2,29.5
Pancham,67,82,62,46,48,43,348,51,57.8,39.4,23.9,18.6,21,29.5
Rhyhorn,80,85,95,30,30,25,345,70.5,59.6,77,4,2.2,4.3,29.1
Clamperl,35,64,85,74,55,32,345,3.1,34,67.4,57.3,27.5,11.1,29.1
Mantyke,45,20,50,60,120,50,345,12.7,0.7,20.4,37.4,93.9,27.1,29.1
Spritzee,78,52,60,63,65,23,341,68.5,21.5,33.5,45.1,42.6,3.7,28.9
Swirlix,62,48,66,59,57,49,341,42.9,15.1,46.1,37,34.2,27,28.9
Koffing,40,65,95,60,45,35,340,6.2,34.6,77,37.4,14,12,27.9
Staryu,30,45,55,70,55,85,340,1.3,11.2,28,52.4,27.5,68.5,27.9
Skiploom,55,45,50,45,65,80,340,27.5,11.2,20.4,19.7,42.6,63,27.9
Lombre,60,50,50,60,70,50,340,34,16.6,20.4,37.4,49.1,27.1,27.9
Nuzleaf,70,70,40,60,40,60,340,52.8,41.5,8.1,37.4,8.3,40,27.9
Vibrava,50,70,50,50,50,70,340,18.5,41.5,20.4,25,20,53.3,27.9
Staravia,55,75,50,40,40,80,340,27.5,47.1,20.4,12,8.3,63,27.9
Pawniard,45,85,70,40,40,60,340,12.7,59.6,48,12,8.3,40,27.9
Unown,48,72,48,72,48,48,336,17.7,45.5,18.7,56.4,18.6,26.2,27.7
Tentacool,40,40,35,50,100,70,335,6.2,8,4.3,25,83.6,53.3,26.6
Cacnea,50,85,40,85,40,35,335,18.5,59.6,8.1,66.5,8.3,12,26.6
Deerling,60,60,50,40,50,75,335,34,28.4,20.4,12,20,59.8,26.6
Frillish,55,40,50,65,85,40,335,27.5,8,20.4,45.9,69.2,15.8,26.6
Elgyem,55,55,55,85,55,30,335,27.5,23.1,28,66.5,27.5,6.5,26.6
Pumpkaboo (Average Size),49,66,70,44,55,51,335,18.1,39.5,48,18.7,27.5,32.9,26.6
Pumpkaboo (Small Size),44,66,70,44,55,56,335,11.8,39.5,48,18.7,27.5,37.6,26.6
Pumpkaboo (Large Size),54,66,70,44,55,46,335,27,39.5,48,18.7,27.5,25.6,26.6
Pumpkaboo (Super Size),59,66,70,44,55,41,335,33.2,39.5,48,18.7,27.5,19.8,26.6
Snover,60,62,50,62,60,40,334,34,32.7,20.4,44.5,35,15.8,26.5
Voltorb,40,30,50,55,55,100,330,6.2,3.2,20.4,31,27.5,82.9,24.6
Chinchou,75,38,38,56,56,67,330,62.2,7.6,7.6,35.4,33.4,51.8,24.6
Teddiursa,60,80,50,50,50,40,330,34,52.8,20.4,25,20,15.8,24.6
Delibird,45,55,45,65,45,75,330,12.7,23.1,14.5,45.9,14,59.8,24.6
Houndour,45,60,30,80,50,65,330,12.7,28.4,1.8,61.4,20,46.8,24.6
Phanpy,90,60,60,40,40,40,330,80.3,28.4,33.5,12,8.3,15.8,24.6
Aron,50,70,100,40,40,30,330,18.5,41.5,80.6,12,8.3,6.5,24.6
Spoink,60,25,35,70,80,60,330,34,2.1,4.3,52.4,61.4,40,24.6
Luvdisc,43,30,55,40,65,97,330,11.5,3.2,28,12,42.6,81.4,24.6
Buizel,55,65,35,60,30,85,330,27.5,34.6,4.3,37.4,2.2,68.5,24.6
Hippopotas,68,72,78,38,42,32,330,51.6,45.5,60.5,11.7,12.6,11.1,24.6
Skorupi,40,50,90,30,55,65,330,6.2,16.6,72.3,4,27.5,46.8,24.6
Finneon,49,49,56,49,61,66,330,18.1,16.2,32,24.7,40.4,51.3,24.6
Zorua,40,65,40,80,40,65,330,6.2,34.6,8.1,61.4,8.3,46.8,24.6
Clauncher,50,53,62,58,63,44,330,18.5,22.4,39.4,36.1,41.3,21.6,24.6
Stunky,63,63,47,41,41,74,329,43.8,33.2,18.5,18.1,12.1,59.4,24.4
Trubbish,50,50,62,40,62,65,329,18.5,16.6,39.4,12,40.9,46.8,24.4
Drowzee,60,48,45,43,90,42,328,34,15.1,14.5,18.5,74.3,20.2,24.1
Drilbur,60,85,40,30,45,68,328,34,59.6,8.1,4,14,52.3,24.1
Magnemite,25,35,70,95,55,45,325,1,5.8,48,74,27.5,22,23
Seel,65,45,55,45,70,45,325,44.9,11.2,28,19.7,49.1,22,23
Grimer,80,80,50,40,50,25,325,70.5,52.8,20.4,12,20,4.3,23
Krabby,30,105,90,25,25,50,325,1.3,79.7,72.3,2.2,0.8,27.1,23
Exeggcute,60,40,80,60,45,40,325,34,8,61.8,37.4,14,15.8,23
Eevee,55,55,50,45,65,55,325,27.5,23.1,20.4,19.7,42.6,33.9,23
Shellos,76,48,48,57,62,34,325,67.5,15.1,18.7,35.7,40.9,11.8,23
Dwebble,50,65,85,35,35,55,325,18.5,34.6,67.4,7.5,5.2,33.9,23
Honedge,45,80,100,35,37,28,325,12.7,52.8,80.6,7.5,7.6,5.6,23
Clefairy,70,45,48,60,65,35,323,52.8,11.2,18.7,37.4,42.6,12,22.9
Pikachu,35,55,40,50,50,90,320,3.1,23.1,8.1,25,20,72.9,21.9
Oddish,45,50,55,75,65,30,320,12.7,16.6,28,57.9,42.6,6.5,21.9
Psyduck,50,52,48,65,50,55,320,18.5,21.5,18.7,45.9,20,33.9,21.9
Cubone,50,50,95,40,50,35,320,18.5,16.6,77,12,20,12,21.9
Goldeen,45,67,60,35,50,63,320,12.7,40.4,33.5,7.5,20,45.9,21.9
Natu,40,50,45,70,45,70,320,6.2,16.6,14.5,52.4,14,53.3,21.9
Axew,46,87,60,30,40,57,320,17.5,64,33.5,4,8.3,38.2,21.9
Skrelp,50,60,60,60,60,30,320,18.5,28.4,33.5,37.4,35,6.5,21.9
Joltik,50,47,50,57,50,65,319,18.5,14.7,20.4,35.7,20,46.8,21.7
Bulbasaur,45,49,49,65,65,45,318,12.7,16.2,20.1,45.9,42.6,22,21.4
Chikorita,45,49,65,49,65,45,318,12.7,16.2,41.6,24.7,42.6,22,21.4
Turtwig,55,68,64,45,55,31,318,27.5,40.6,41.1,19.7,27.5,10.8,21.4
Pansage,50,53,48,53,48,64,316,18.5,22.4,18.7,30,18.6,46.1,21
Pansear,50,53,48,53,48,64,316,18.5,22.4,18.7,30,18.6,46.1,21
Panpour,50,53,48,53,48,64,316,18.5,22.4,18.7,30,18.6,46.1,21
Slowpoke,90,65,65,40,40,15,315,80.3,34.6,41.6,12,8.3,0.6,20.6
Darumaka,70,90,45,15,45,50,315,52.8,64.8,14.5,0.3,14,27.1,20.6
Karrablast,50,75,45,40,45,60,315,18.5,47.1,14.5,12,14,40,20.6
Squirtle,44,48,65,50,64,43,314,11.8,15.1,41.6,25,42.5,21,20.1
Totodile,50,65,64,44,48,43,314,18.5,34.6,41.1,18.7,18.6,21,20.1
Piplup,53,51,53,61,56,40,314,26.7,21.2,27.2,43.8,33.4,15.8,20.1
Froakie,41,56,40,62,44,71,314,11,26.9,8.1,44.5,13.6,57.9,20.1
Woobat,55,45,43,55,43,72,313,27.5,11.2,13.2,31,13.2,58.6,19.8
Chespin,56,61,65,48,45,38,313,32.1,32.5,41.6,24.4,14,15.3,19.8
Abra,25,20,15,105,55,90,310,1,0.7,0.3,82.3,27.5,72.9,18.6
Doduo,35,85,45,35,35,75,310,3.1,59.6,14.5,7.5,5.2,59.8,18.6
Gastly,30,35,30,100,35,80,310,1.3,5.8,1.8,78.5,5.2,63,18.6
Treecko,40,45,35,65,55,70,310,6.2,11.2,4.3,45.9,27.5,53.3,18.6
Torchic,45,60,40,70,50,45,310,12.7,28.4,8.1,52.4,20,22,18.6
Mudkip,50,70,50,50,50,40,310,18.5,41.5,20.4,25,20,15.8,18.6
Swablu,45,40,60,40,75,50,310,12.7,8,33.5,12,55.1,27.1,18.6
Glameow,49,55,42,42,37,85,310,18.1,23.1,12.8,18.2,7.6,68.5,18.6
Mime Jr.,20,25,45,70,90,60,310,0.2,2.1,14.5,52.4,74.3,40,18.6
Sewaddle,45,53,70,40,60,42,310,12.7,22.4,48,12,35,20.2,18.6
Charmander,39,52,43,60,50,65,309,6,21.5,13.2,37.4,20,46.8,18.1
Cyndaquil,39,52,43,60,50,65,309,6,21.5,13.2,37.4,20,46.8,18.1
Chimchar,44,58,44,58,44,61,309,11.8,27.5,14,36.1,13.6,45.5,18.1
Phantump,43,70,48,50,60,38,309,11.5,41.5,18.7,25,35,15.3,18.1
Corphish,43,80,65,50,35,35,308,11.5,52.8,41.6,25,5.2,12,17.6
Snivy,45,45,55,45,55,63,308,12.7,11.2,28,19.7,27.5,45.9,17.6
Tepig,65,63,45,45,45,45,308,44.9,33.2,14.5,19.7,14,22,17.6
Oshawott,55,55,45,63,45,45,308,27.5,23.1,14.5,45.1,14,22,17.6
Fennekin,40,45,40,62,60,60,307,6.2,11.2,8.1,44.5,35,40,17.5
Binacle,42,52,67,39,56,50,306,11.3,21.5,46.5,11.8,33.4,27.1,17.3
Venonat,60,55,50,40,55,45,305,34,23.1,20.4,12,27.5,22,15.7
Mankey,40,80,35,35,45,70,305,6.2,52.8,4.3,7.5,14,53.3,15.7
Machop,70,80,50,35,35,35,305,52.8,52.8,20.4,7.5,5.2,12,15.7
Shellder,30,65,100,45,25,40,305,1.3,34.6,80.6,19.7,0.8,15.8,15.7
Smoochum,45,30,15,85,65,65,305,12.7,3.2,0.3,66.5,42.6,46.8,15.7
Carvanha,45,90,20,65,20,65,305,12.7,64.8,0.8,45.9,0,46.8,15.7
Numel,60,60,40,65,45,35,305,34,28.4,8.1,45.9,14,12,15.7
Timburr,75,80,55,25,35,35,305,62.2,52.8,28,2.2,5.2,12,15.7
Ducklett,62,44,50,44,50,55,305,42.9,11.1,20.4,18.7,20,33.9,15.7
Vanillite,36,50,50,65,60,44,305,5,16.6,20.4,45.9,35,21.6,15.7
Ferroseed,44,50,91,24,86,10,305,11.8,16.6,76.7,2,72.9,0.2,15.7
Cubchoo,55,70,40,60,40,40,305,27.5,41.5,8.1,37.4,8.3,15.8,15.7
Shelmet,50,40,85,40,65,25,305,18.5,8,67.4,12,42.6,4.3,15.7
Bergmite,55,69,85,32,35,28,304,27.5,41,67.4,7.1,5.2,5.6,15.6
Yamask,38,30,85,55,65,30,303,5.2,3.2,67.4,31,42.6,6.5,15.2
Golett,59,74,50,35,50,35,303,33.2,47,20.4,7.5,20,12,15.2
Flabébé,44,38,39,61,79,42,303,11.8,7.6,7.8,43.8,60.9,20.2,15.2
Gulpin,70,43,53,43,53,40,302,52.8,11,27.2,18.5,26.9,15.8,15.1
Sandshrew,50,75,85,20,30,40,300,18.5,47.1,67.4,0.8,2.2,15.8,12.7
Poliwag,40,50,40,40,40,90,300,6.2,16.6,8.1,12,8.3,72.9,12.7
Bellsprout,50,75,35,70,30,40,300,18.5,47.1,4.3,52.4,2.2,15.8,12.7
Geodude,40,80,100,30,30,20,300,6.2,52.8,80.6,4,2.2,1.7,12.7
Dratini,41,64,45,50,50,50,300,11,34,14.5,25,20,27.1,12.7
Snubbull,60,80,50,40,40,30,300,34,52.8,20.4,12,8.3,6.5,12.7
Remoraid,35,65,35,65,35,65,300,3.1,34.6,4.3,45.9,5.2,46.8,12.7
Larvitar,50,64,50,45,50,41,300,18.5,34,20.4,19.7,20,19.8,12.7
Baltoy,40,40,55,40,70,55,300,6.2,8,28,12,49.1,33.9,12.7
Snorunt,50,50,50,50,50,50,300,18.5,16.6,20.4,25,20,27.1,12.7
Bagon,45,75,60,40,30,50,300,12.7,47.1,33.5,12,2.2,27.1,12.7
Beldum,40,55,80,35,60,30,300,6.2,23.1,61.8,7.5,35,6.5,12.7
Bronzor,57,24,86,24,86,23,300,32.2,2,71,2,72.9,3.7,12.7
Gible,58,70,45,40,45,42,300,32.5,41.5,14.5,12,14,20.2,12.7
Croagunk,48,61,40,61,40,50,300,17.7,32.5,8.1,43.8,8.3,27.1,12.7
Minccino,55,50,40,40,40,75,300,27.5,16.6,8.1,12,8.3,59.8,12.7
Klink,40,55,70,45,60,30,300,6.2,23.1,48,19.7,35,6.5,12.7
Deino,52,65,50,45,50,38,300,26.5,34.6,20.4,19.7,20,15.3,12.7
Goomy,45,50,35,55,75,40,300,12.7,16.6,4.3,31,55.1,15.8,12.7
Vulpix,38,41,40,50,65,65,299,5.2,10.6,8.1,25,42.6,46.8,12.6
Horsea,30,40,70,70,25,60,295,1.3,8,48,52.4,0.8,40,11.8
Shroomish,60,40,60,40,60,35,295,34,8,33.5,12,35,12,11.8
Electrike,40,45,40,65,40,65,295,6.2,11.2,8.1,45.9,8.3,46.8,11.8
Shuppet,44,75,35,63,33,45,295,11.8,47.1,4.3,45.1,5,22,11.8
Duskull,20,40,90,30,90,25,295,0.2,8,72.3,4,74.3,4.3,11.8
Blitzle,45,60,32,50,32,76,295,12.7,28.4,3.6,25,4.8,61.8,11.8
Tympole,50,50,40,50,40,64,294,18.5,16.6,8.1,25,8.3,46.1,11.6
Foongus,69,55,45,55,55,15,294,52.5,23.1,14.5,31,27.5,0.6,11.6
Munna,76,25,45,67,55,24,292,67.5,2.1,14.5,51.4,27.5,4.2,11.3
Sandile,50,72,35,35,35,65,292,18.5,45.5,4.3,7.5,5.2,46.8,11.3
Meowth,40,45,35,40,40,90,290,6.2,11.2,4.3,12,8.3,72.9,10.5
Pineco,50,65,90,35,35,15,290,18.5,34.6,72.3,7.5,5.2,0.6,10.5
Trapinch,45,100,45,45,45,10,290,12.7,73.8,14.5,19.7,14,0.2,10.5
Spheal,70,40,50,55,50,25,290,52.8,8,20.4,31,20,4.3,10.5
Bonsly,50,80,95,10,45,10,290,18.5,52.8,77,0,14,0.2,10.5
Gothita,45,30,50,55,65,45,290,12.7,3.2,20.4,31,42.6,22,10.5
Solosis,45,30,40,105,50,20,290,12.7,3.2,8.1,82.3,20,1.7,10.5
Helioptile,44,38,33,61,43,70,289,11.8,7.6,3.8,43.8,13.2,53.3,10.3
Ekans,35,60,44,40,54,55,288,3.1,28.4,14,12,27.1,33.9,9.8
Ditto,48,48,48,48,48,48,288,17.7,15.1,18.7,24.4,18.6,26.2,9.8
Barboach,50,48,43,46,41,60,288,18.5,15.1,13.2,23.9,12.1,40,9.8
Inkay,53,54,53,37,46,45,288,26.7,23,27.2,11.3,18.3,22,9.8
Paras,35,70,55,45,55,25,285,3.1,41.5,28,19.7,27.5,4.3,9.5
Chingling,45,30,50,65,50,45,285,12.7,3.2,20.4,45.9,20,22,9.5
Riolu,40,70,40,35,40,60,285,6.2,41.5,8.1,7.5,8.3,40,9.5
Purrloin,41,50,37,50,37,66,281,11,16.6,7.2,25,7.6,51.3,9.3
Mareep,55,40,40,65,45,35,280,27.5,8,8.1,45.9,14,12,8.5
Slakoth,60,60,60,35,35,30,280,34,28.4,33.5,7.5,5.2,6.5,8.5
Meditite,30,40,55,40,55,60,280,1.3,8,28,12,27.5,40,8.5
Budew,40,30,35,50,70,55,280,6.2,3.2,4.3,25,49.1,33.9,8.5
Roggenrola,55,75,85,25,25,15,280,27.5,47.1,67.4,2.2,0.8,0.6,8.5
Cottonee,40,27,60,37,50,66,280,6.2,3,33.5,11.3,20,51.3,8.5
Petilil,45,35,50,70,50,30,280,12.7,5.8,20.4,52.4,20,6.5,8.5
Kirlia,38,35,35,65,55,50,278,5.2,5.8,4.3,45.9,27.5,27.1,8.2
Fletchling,45,50,43,40,38,62,278,12.7,16.6,13.2,12,8,45.8,8.2
Nidoran - Female,55,47,52,40,40,41,275,27.5,14.7,26.6,12,8.3,19.8,7.6
Cherubi,45,35,45,62,53,35,275,12.7,5.8,14.5,44.5,26.9,12,7.6
Lillipup,45,60,45,25,45,55,275,12.7,28.4,14.5,2.2,14,33.9,7.6
Tynamo,35,55,40,45,40,60,275,3.1,23.1,8.1,19.7,8.3,40,7.6
Litwick,50,30,55,65,55,20,275,18.5,3.2,28,45.9,27.5,1.7,7.6
Nidoran - Male,46,57,40,40,40,50,273,17.5,27.2,8.1,12,8.3,27.1,7.5
Jigglypuff,115,45,20,45,25,20,270,96.2,11.2,0.8,19.7,0.8,1.7,7.1
Taillow,40,55,30,30,30,85,270,6.2,23.1,1.8,4,2.2,68.5,7.1
Wingull,40,30,30,55,30,85,270,6.2,3.2,1.8,31,2.2,68.5,7.1
Surskit,40,30,32,50,52,65,269,6.2,3.2,3.6,25,26.4,46.8,7
Nincada,31,45,90,30,30,40,266,3,11.2,72.3,4,2.2,15.8,6.8
Diglett,10,55,25,35,45,95,265,0.1,23.1,1.5,7.5,14,78,6.6
Ledyba,40,20,30,40,80,55,265,6.2,0.7,1.8,12,61.4,33.9,6.6
Pidove,50,55,50,36,30,43,264,18.5,23.1,20.4,11.1,2.2,21,6.5
Shinx,45,65,34,40,34,45,263,12.7,34.6,4,12,5.1,22,6.3
Spearow,40,60,30,31,31,70,262,6.2,28.4,1.8,7,4.7,53.3,6.1
Hoothoot,60,30,30,36,56,50,262,34,3.2,1.8,11.1,33.4,27.1,6.1
Skitty,50,45,45,35,35,50,260,18.5,11.2,14.5,7.5,5.2,27.1,5.7
Wynaut,95,23,48,23,48,23,260,84.7,1.8,18.7,1.8,18.6,3.7,5.7
Venipede,30,45,59,30,39,57,260,1.3,11.2,33.4,4,8.1,38.2,5.7
Patrat,45,55,39,35,39,42,255,12.7,23.1,7.8,7.5,8.1,20.2,5.6
Rattata,30,56,35,25,35,72,253,1.3,26.9,4.3,2.2,5.2,58.6,5.5
Pidgey,40,45,40,35,35,56,251,6.2,11.2,8.1,7.5,5.2,37.6,5.3
Spinarak,40,60,40,40,40,30,250,6.2,28.4,8.1,12,8.3,6.5,4.5
Marill,70,20,50,20,50,40,250,52.8,0.7,20.4,0.8,20,15.8,4.5
Hoppip,35,35,40,35,55,50,250,3.1,5.8,8.1,7.5,27.5,27.1,4.5
Slugma,40,40,40,70,40,20,250,6.2,8,8.1,52.4,8.3,1.7,4.5
Swinub,50,50,40,30,30,50,250,18.5,16.6,8.1,4,2.2,27.1,4.5
Smeargle,55,20,35,20,45,75,250,27.5,0.7,4.3,0.8,14,59.8,4.5
Bidoof,59,45,40,35,40,31,250,33.2,11.2,8.1,7.5,8.3,10.8,4.5
Zubat,40,45,35,30,40,55,245,6.2,11.2,4.3,4,8.3,33.9,4
Togepi,35,20,65,40,65,20,245,3.1,0.7,41.6,12,42.6,1.7,4
Starly,40,55,30,30,30,60,245,6.2,23.1,1.8,4,2.2,40,4
Noibat,40,30,35,45,40,55,245,6.2,3.2,4.3,19.7,8.3,33.9,4
Combee,30,30,42,30,42,70,244,1.3,3.2,12.8,4,12.6,53.3,3.8
Zigzagoon,38,30,41,30,41,60,240,5.2,3.2,12.6,4,12.1,40,3.6
Whismur,64,51,23,51,23,28,240,44.1,21.2,1.3,29.9,0.7,5.6,3.6
Makuhita,72,60,30,20,30,25,237,60.4,28.4,1.8,0.8,2.2,4.3,3.3
Bunnelby,38,36,38,32,36,57,237,5.2,7.5,7.6,7.1,7.5,38.2,3.3
Shedinja,1,90,45,30,30,40,236,0,64.8,14.5,4,2.2,15.8,3.2
Burmy,40,29,45,29,45,36,224,6.2,3.1,14.5,3.8,14,14.7,3.1
Poochyena,35,55,35,30,30,35,220,3.1,23.1,4.3,4,2.2,12,2.6
Lotad,40,30,30,40,50,30,220,6.2,3.2,1.8,12,20,6.5,2.6
Seedot,40,40,50,30,30,30,220,6.2,8,20.4,4,2.2,6.5,2.6
Happiny,100,5,5,15,65,30,220,87.7,0,0,0.3,42.6,6.5,2.6
Cleffa,50,25,28,45,55,15,218,18.5,2.1,1.7,19.7,27.5,0.6,2.5
Sentret,35,46,34,35,45,20,215,3.1,14.6,4,7.5,14,1.7,2.3
Spewpa,45,22,60,27,30,29,213,12.7,1.7,33.5,3.6,2.2,6.1,2.2
Igglybuff,90,30,15,40,20,15,210,80.3,3.2,0.3,12,0,0.6,1.8
Wooper,55,45,45,25,25,15,210,27.5,11.2,14.5,2.2,0.8,0.6,1.8
Tyrogue,35,35,35,35,35,35,210,3.1,5.8,4.3,7.5,5.2,12,1.8
Metapod,50,20,55,25,25,30,205,18.5,0.7,28,2.2,0.8,6.5,1.2
Kakuna,45,25,50,25,25,35,205,12.7,2.1,20.4,2.2,0.8,12,1.2
Pichu,20,40,15,35,35,60,205,0.2,8,0.3,7.5,5.2,40,1.2
Silcoon,50,35,55,25,25,15,205,18.5,5.8,28,2.2,0.8,0.6,1.2
Cascoon,50,35,55,25,25,15,205,18.5,5.8,28,2.2,0.8,0.6,1.2
Magikarp,20,10,55,15,20,80,200,0.2,0.2,28,0.3,0,63,0.8
Feebas,20,15,20,10,55,80,200,0.2,0.6,0.8,0,27.5,63,0.8
Scatterbug,38,35,40,27,25,35,200,5.2,5.8,8.1,3.6,0.8,12,0.8
Ralts,28,25,25,45,35,40,198,1.2,2.1,1.5,19.7,5.2,15.8,0.7
Caterpie,45,30,35,20,20,45,195,12.7,3.2,4.3,0.8,0,22,0.3
Weedle,40,35,30,20,20,50,195,6.2,5.8,1.8,0.8,0,27.1,0.3
Wurmple,45,45,35,20,30,20,195,12.7,11.2,4.3,0.8,2.2,1.7,0.3
Kricketot,37,25,41,25,41,25,194,5.1,2.1,12.6,2.2,12.1,4.3,0.2
Azurill,50,20,40,20,40,20,190,18.5,0.7,8.1,0.8,8.3,1.7,0.1
Sunkern,30,30,30,30,30,30,180,1.3,3.2,1.8,4,2.2,6.5,0
